date,sunshine_hours,source_station_id,source,year,month,day
2016-01-01,8.4,467440,existing_CODiS_export,2016,1,1
2016-01-02,0.9,467440,existing_CODiS_export,2016,1,2
2016-01-03,0.0,467440,existing_CODiS_export,2016,1,3
2016-01-04,4.6,467440,existing_CODiS_export,2016,1,4
2016-01-05,7.8,467440,existing_CODiS_export,2016,1,5
2016-01-06,4.4,467440,existing_CODiS_export,2016,1,6
2016-01-07,1.9,467440,existing_CODiS_export,2016,1,7
2016-01-08,7.1,467440,existing_CODiS_export,2016,1,8
2016-01-09,9.1,467440,existing_CODiS_export,2016,1,9
2016-01-10,4.9,467440,existing_CODiS_export,2016,1,10
2016-01-11,3.1,467440,existing_CODiS_export,2016,1,11
2016-01-12,5.8,467440,existing_CODiS_export,2016,1,12
2016-01-13,0.6,467440,existing_CODiS_export,2016,1,13
2016-01-14,4.6,467440,existing_CODiS_export,2016,1,14
2016-01-15,0.4,467440,existing_CODiS_export,2016,1,15
2016-01-16,7.6,467440,existing_CODiS_export,2016,1,16
2016-01-17,1.4,467440,existing_CODiS_export,2016,1,17
2016-01-18,5.6,467440,existing_CODiS_export,2016,1,18
2016-01-19,3.7,467440,existing_CODiS_export,2016,1,19
2016-01-20,3.6,467440,existing_CODiS_export,2016,1,20
2016-01-21,5.3,467440,existing_CODiS_export,2016,1,21
2016-01-22,5.6,467440,existing_CODiS_export,2016,1,22
2016-01-23,0.0,467440,existing_CODiS_export,2016,1,23
2016-01-24,0.0,467440,existing_CODiS_export,2016,1,24
2016-01-25,4.0,467440,existing_CODiS_export,2016,1,25
2016-01-26,9.8,467440,existing_CODiS_export,2016,1,26
2016-01-27,0.5,467440,existing_CODiS_export,2016,1,27
2016-01-28,1.4,467440,existing_CODiS_export,2016,1,28
2016-01-29,0.3,467440,existing_CODiS_export,2016,1,29
2016-01-30,0.5,467440,existing_CODiS_export,2016,1,30
2016-01-31,8.0,467440,existing_CODiS_export,2016,1,31
2016-02-01,7.5,467440,existing_CODiS_export,2016,2,1
2016-02-02,0.0,467440,existing_CODiS_export,2016,2,2
2016-02-03,8.1,467440,existing_CODiS_export,2016,2,3
2016-02-04,6.2,467440,existing_CODiS_export,2016,2,4
2016-02-05,6.8,467440,existing_CODiS_export,2016,2,5
2016-02-06,1.0,467440,existing_CODiS_export,2016,2,6
2016-02-07,9.7,467440,existing_CODiS_export,2016,2,7
2016-02-08,9.9,467440,existing_CODiS_export,2016,2,8
2016-02-09,6.4,467440,existing_CODiS_export,2016,2,9
2016-02-10,0.2,467440,existing_CODiS_export,2016,2,10
2016-02-11,3.8,467440,existing_CODiS_export,2016,2,11
2016-02-12,7.4,467440,existing_CODiS_export,2016,2,12
2016-02-13,10.5,467440,existing_CODiS_export,2016,2,13
2016-02-14,9.3,467440,existing_CODiS_export,2016,2,14
2016-02-15,0.1,467440,existing_CODiS_export,2016,2,15
2016-02-16,0.0,467440,existing_CODiS_export,2016,2,16
2016-02-17,4.3,467440,existing_CODiS_export,2016,2,17
2016-02-18,4.1,467440,existing_CODiS_export,2016,2,18
2016-02-19,10.2,467440,existing_CODiS_export,2016,2,19
2016-02-20,2.4,467440,existing_CODiS_export,2016,2,20
2016-02-21,6.9,467440,existing_CODiS_export,2016,2,21
2016-02-22,9.8,467440,existing_CODiS_export,2016,2,22
2016-02-23,4.6,467440,existing_CODiS_export,2016,2,23
2016-02-24,0.0,467440,existing_CODiS_export,2016,2,24
2016-02-25,0.3,467440,existing_CODiS_export,2016,2,25
2016-02-26,7.5,467440,existing_CODiS_export,2016,2,26
2016-02-27,9.8,467440,existing_CODiS_export,2016,2,27
2016-02-28,9.0,467440,existing_CODiS_export,2016,2,28
2016-02-29,8.8,467440,existing_CODiS_export,2016,2,29
2016-03-01,10.1,467440,existing_CODiS_export,2016,3,1
2016-03-02,7.8,467440,existing_CODiS_export,2016,3,2
2016-03-03,1.3,467440,existing_CODiS_export,2016,3,3
2016-03-04,2.1,467440,existing_CODiS_export,2016,3,4
2016-03-05,6.8,467440,existing_CODiS_export,2016,3,5
2016-03-06,8.4,467440,existing_CODiS_export,2016,3,6
2016-03-07,9.1,467440,existing_CODiS_export,2016,3,7
2016-03-08,9.3,467440,existing_CODiS_export,2016,3,8
2016-03-09,7.8,467440,existing_CODiS_export,2016,3,9
2016-03-10,0.3,467440,existing_CODiS_export,2016,3,10
2016-03-11,0.0,467440,existing_CODiS_export,2016,3,11
2016-03-12,5.3,467440,existing_CODiS_export,2016,3,12
2016-03-13,0.0,467440,existing_CODiS_export,2016,3,13
2016-03-14,0.0,467440,existing_CODiS_export,2016,3,14
2016-03-15,0.0,467440,existing_CODiS_export,2016,3,15
2016-03-16,4.7,467440,existing_CODiS_export,2016,3,16
2016-03-17,6.9,467440,existing_CODiS_export,2016,3,17
2016-03-18,9.3,467440,existing_CODiS_export,2016,3,18
2016-03-19,7.2,467440,existing_CODiS_export,2016,3,19
2016-03-20,3.9,467440,existing_CODiS_export,2016,3,20
2016-03-21,3.0,467440,existing_CODiS_export,2016,3,21
2016-03-22,5.8,467440,existing_CODiS_export,2016,3,22
2016-03-23,1.5,467440,existing_CODiS_export,2016,3,23
2016-03-24,0.0,467440,existing_CODiS_export,2016,3,24
2016-03-25,0.0,467440,existing_CODiS_export,2016,3,25
2016-03-26,11.3,467440,existing_CODiS_export,2016,3,26
2016-03-27,10.0,467440,existing_CODiS_export,2016,3,27
2016-03-28,11.2,467440,existing_CODiS_export,2016,3,28
2016-03-29,5.4,467440,existing_CODiS_export,2016,3,29
2016-03-30,7.0,467440,existing_CODiS_export,2016,3,30
2016-03-31,3.6,467440,existing_CODiS_export,2016,3,31
2016-04-01,4.0,467440,existing_CODiS_export,2016,4,1
2016-04-02,9.4,467440,existing_CODiS_export,2016,4,2
2016-04-03,7.3,467440,existing_CODiS_export,2016,4,3
2016-04-04,7.8,467440,existing_CODiS_export,2016,4,4
2016-04-05,8.2,467440,existing_CODiS_export,2016,4,5
2016-04-06,11.2,467440,existing_CODiS_export,2016,4,6
2016-04-07,10.6,467440,existing_CODiS_export,2016,4,7
2016-04-08,11.2,467440,existing_CODiS_export,2016,4,8
2016-04-09,10.0,467440,existing_CODiS_export,2016,4,9
2016-04-10,5.7,467440,existing_CODiS_export,2016,4,10
2016-04-11,1.1,467440,existing_CODiS_export,2016,4,11
2016-04-12,8.5,467440,existing_CODiS_export,2016,4,12
2016-04-13,3.1,467440,existing_CODiS_export,2016,4,13
2016-04-14,1.0,467440,existing_CODiS_export,2016,4,14
2016-04-15,4.3,467440,existing_CODiS_export,2016,4,15
2016-04-16,11.3,467440,existing_CODiS_export,2016,4,16
2016-04-17,11.0,467440,existing_CODiS_export,2016,4,17
2016-04-18,7.5,467440,existing_CODiS_export,2016,4,18
2016-04-19,6.6,467440,existing_CODiS_export,2016,4,19
2016-04-20,11.0,467440,existing_CODiS_export,2016,4,20
2016-04-21,10.3,467440,existing_CODiS_export,2016,4,21
2016-04-22,11.5,467440,existing_CODiS_export,2016,4,22
2016-04-23,9.8,467440,existing_CODiS_export,2016,4,23
2016-04-24,2.3,467440,existing_CODiS_export,2016,4,24
2016-04-25,3.0,467440,existing_CODiS_export,2016,4,25
2016-04-26,10.7,467440,existing_CODiS_export,2016,4,26
2016-04-27,5.0,467440,existing_CODiS_export,2016,4,27
2016-04-28,5.9,467440,existing_CODiS_export,2016,4,28
2016-04-29,6.4,467440,existing_CODiS_export,2016,4,29
2016-04-30,6.4,467440,existing_CODiS_export,2016,4,30
2016-05-01,2.2,467440,existing_CODiS_export,2016,5,1
2016-05-02,7.4,467440,existing_CODiS_export,2016,5,2
2016-05-03,11.0,467440,existing_CODiS_export,2016,5,3
2016-05-04,10.8,467440,existing_CODiS_export,2016,5,4
2016-05-05,9.0,467440,existing_CODiS_export,2016,5,5
2016-05-06,11.0,467440,existing_CODiS_export,2016,5,6
2016-05-07,10.4,467440,existing_CODiS_export,2016,5,7
2016-05-08,11.5,467440,existing_CODiS_export,2016,5,8
2016-05-09,11.4,467440,existing_CODiS_export,2016,5,9
2016-05-10,6.2,467440,existing_CODiS_export,2016,5,10
2016-05-11,0.0,467440,existing_CODiS_export,2016,5,11
2016-05-12,3.9,467440,existing_CODiS_export,2016,5,12
2016-05-13,8.2,467440,existing_CODiS_export,2016,5,13
2016-05-14,7.1,467440,existing_CODiS_export,2016,5,14
2016-05-15,11.7,467440,existing_CODiS_export,2016,5,15
2016-05-16,5.8,467440,existing_CODiS_export,2016,5,16
2016-05-17,5.8,467440,existing_CODiS_export,2016,5,17
2016-05-18,11.8,467440,existing_CODiS_export,2016,5,18
2016-05-19,10.9,467440,existing_CODiS_export,2016,5,19
2016-05-20,3.6,467440,existing_CODiS_export,2016,5,20
2016-05-21,0.0,467440,existing_CODiS_export,2016,5,21
2016-05-22,0.9,467440,existing_CODiS_export,2016,5,22
2016-05-23,3.9,467440,existing_CODiS_export,2016,5,23
2016-05-24,5.0,467440,existing_CODiS_export,2016,5,24
2016-05-25,10.8,467440,existing_CODiS_export,2016,5,25
2016-05-26,10.8,467440,existing_CODiS_export,2016,5,26
2016-05-27,12.6,467440,existing_CODiS_export,2016,5,27
2016-05-28,11.7,467440,existing_CODiS_export,2016,5,28
2016-05-29,10.9,467440,existing_CODiS_export,2016,5,29
2016-05-30,7.7,467440,existing_CODiS_export,2016,5,30
2016-05-31,12.5,467440,existing_CODiS_export,2016,5,31
2016-06-01,10.3,467440,existing_CODiS_export,2016,6,1
2016-06-02,8.5,467440,existing_CODiS_export,2016,6,2
2016-06-03,11.6,467440,existing_CODiS_export,2016,6,3
2016-06-04,12.2,467440,existing_CODiS_export,2016,6,4
2016-06-05,7.9,467440,existing_CODiS_export,2016,6,5
2016-06-06,8.0,467440,existing_CODiS_export,2016,6,6
2016-06-07,9.5,467440,existing_CODiS_export,2016,6,7
2016-06-08,4.3,467440,existing_CODiS_export,2016,6,8
2016-06-09,0.2,467440,existing_CODiS_export,2016,6,9
2016-06-10,0.0,467440,existing_CODiS_export,2016,6,10
2016-06-11,0.0,467440,existing_CODiS_export,2016,6,11
2016-06-12,1.1,467440,existing_CODiS_export,2016,6,12
2016-06-13,0.0,467440,existing_CODiS_export,2016,6,13
2016-06-14,8.1,467440,existing_CODiS_export,2016,6,14
2016-06-15,10.6,467440,existing_CODiS_export,2016,6,15
2016-06-16,10.6,467440,existing_CODiS_export,2016,6,16
2016-06-17,12.8,467440,existing_CODiS_export,2016,6,17
2016-06-18,12.1,467440,existing_CODiS_export,2016,6,18
2016-06-19,9.3,467440,existing_CODiS_export,2016,6,19
2016-06-20,10.1,467440,existing_CODiS_export,2016,6,20
2016-06-21,8.9,467440,existing_CODiS_export,2016,6,21
2016-06-22,12.9,467440,existing_CODiS_export,2016,6,22
2016-06-23,10.5,467440,existing_CODiS_export,2016,6,23
2016-06-24,12.0,467440,existing_CODiS_export,2016,6,24
2016-06-25,12.2,467440,existing_CODiS_export,2016,6,25
2016-06-26,7.9,467440,existing_CODiS_export,2016,6,26
2016-06-27,10.5,467440,existing_CODiS_export,2016,6,27
2016-06-28,11.0,467440,existing_CODiS_export,2016,6,28
2016-06-29,11.5,467440,existing_CODiS_export,2016,6,29
2016-06-30,11.2,467440,existing_CODiS_export,2016,6,30
2016-07-01,11.3,467440,existing_CODiS_export,2016,7,1
2016-07-02,11.0,467440,existing_CODiS_export,2016,7,2
2016-07-03,8.7,467440,existing_CODiS_export,2016,7,3
2016-07-04,12.5,467440,existing_CODiS_export,2016,7,4
2016-07-05,6.6,467440,existing_CODiS_export,2016,7,5
2016-07-06,8.3,467440,existing_CODiS_export,2016,7,6
2016-07-07,3.7,467440,existing_CODiS_export,2016,7,7
2016-07-08,0.0,467440,existing_CODiS_export,2016,7,8
2016-07-09,0.9,467440,existing_CODiS_export,2016,7,9
2016-07-10,0.6,467440,existing_CODiS_export,2016,7,10
2016-07-11,1.3,467440,existing_CODiS_export,2016,7,11
2016-07-12,4.9,467440,existing_CODiS_export,2016,7,12
2016-07-13,8.6,467440,existing_CODiS_export,2016,7,13
2016-07-14,11.0,467440,existing_CODiS_export,2016,7,14
2016-07-15,11.3,467440,existing_CODiS_export,2016,7,15
2016-07-16,12.4,467440,existing_CODiS_export,2016,7,16
2016-07-17,6.7,467440,existing_CODiS_export,2016,7,17
2016-07-18,8.8,467440,existing_CODiS_export,2016,7,18
2016-07-19,7.5,467440,existing_CODiS_export,2016,7,19
2016-07-20,12.5,467440,existing_CODiS_export,2016,7,20
2016-07-21,12.0,467440,existing_CODiS_export,2016,7,21
2016-07-22,9.8,467440,existing_CODiS_export,2016,7,22
2016-07-23,12.3,467440,existing_CODiS_export,2016,7,23
2016-07-24,8.4,467440,existing_CODiS_export,2016,7,24
2016-07-25,7.7,467440,existing_CODiS_export,2016,7,25
2016-07-26,11.3,467440,existing_CODiS_export,2016,7,26
2016-07-27,11.1,467440,existing_CODiS_export,2016,7,27
2016-07-28,9.2,467440,existing_CODiS_export,2016,7,28
2016-07-29,8.3,467440,existing_CODiS_export,2016,7,29
2016-07-30,6.4,467440,existing_CODiS_export,2016,7,30
2016-07-31,7.1,467440,existing_CODiS_export,2016,7,31
2016-08-01,3.4,467440,existing_CODiS_export,2016,8,1
2016-08-02,10.4,467440,existing_CODiS_export,2016,8,2
2016-08-03,10.6,467440,existing_CODiS_export,2016,8,3
2016-08-04,9.3,467440,existing_CODiS_export,2016,8,4
2016-08-05,10.7,467440,existing_CODiS_export,2016,8,5
2016-08-06,5.8,467440,existing_CODiS_export,2016,8,6
2016-08-07,8.7,467440,existing_CODiS_export,2016,8,7
2016-08-08,8.0,467440,existing_CODiS_export,2016,8,8
2016-08-09,7.8,467440,existing_CODiS_export,2016,8,9
2016-08-10,7.6,467440,existing_CODiS_export,2016,8,10
2016-08-11,2.2,467440,existing_CODiS_export,2016,8,11
2016-08-12,0.0,467440,existing_CODiS_export,2016,8,12
2016-08-13,0.0,467440,existing_CODiS_export,2016,8,13
2016-08-14,3.0,467440,existing_CODiS_export,2016,8,14
2016-08-15,1.0,467440,existing_CODiS_export,2016,8,15
2016-08-16,1.7,467440,existing_CODiS_export,2016,8,16
2016-08-17,3.0,467440,existing_CODiS_export,2016,8,17
2016-08-18,4.9,467440,existing_CODiS_export,2016,8,18
2016-08-19,8.7,467440,existing_CODiS_export,2016,8,19
2016-08-20,11.8,467440,existing_CODiS_export,2016,8,20
2016-08-21,10.3,467440,existing_CODiS_export,2016,8,21
2016-08-22,7.3,467440,existing_CODiS_export,2016,8,22
2016-08-23,11.1,467440,existing_CODiS_export,2016,8,23
2016-08-24,11.0,467440,existing_CODiS_export,2016,8,24
2016-08-25,7.8,467440,existing_CODiS_export,2016,8,25
2016-08-26,6.9,467440,existing_CODiS_export,2016,8,26
2016-08-27,11.2,467440,existing_CODiS_export,2016,8,27
2016-08-28,7.3,467440,existing_CODiS_export,2016,8,28
2016-08-29,4.8,467440,existing_CODiS_export,2016,8,29
2016-08-30,0.6,467440,existing_CODiS_export,2016,8,30
2016-08-31,9.7,467440,existing_CODiS_export,2016,8,31
2016-09-01,10.2,467440,existing_CODiS_export,2016,9,1
2016-09-02,0.0,467440,existing_CODiS_export,2016,9,2
2016-09-03,1.0,467440,existing_CODiS_export,2016,9,3
2016-09-04,1.6,467440,existing_CODiS_export,2016,9,4
2016-09-05,5.5,467440,existing_CODiS_export,2016,9,5
2016-09-06,0.2,467440,existing_CODiS_export,2016,9,6
2016-09-07,1.0,467440,existing_CODiS_export,2016,9,7
2016-09-08,1.5,467440,existing_CODiS_export,2016,9,8
2016-09-09,8.8,467440,existing_CODiS_export,2016,9,9
2016-09-10,10.6,467440,existing_CODiS_export,2016,9,10
2016-09-11,10.5,467440,existing_CODiS_export,2016,9,11
2016-09-12,10.2,467440,existing_CODiS_export,2016,9,12
2016-09-13,7.2,467440,existing_CODiS_export,2016,9,13
2016-09-14,0.0,467440,existing_CODiS_export,2016,9,14
2016-09-15,3.9,467440,existing_CODiS_export,2016,9,15
2016-09-16,9.3,467440,existing_CODiS_export,2016,9,16
2016-09-17,7.8,467440,existing_CODiS_export,2016,9,17
2016-09-18,7.6,467440,existing_CODiS_export,2016,9,18
2016-09-19,3.0,467440,existing_CODiS_export,2016,9,19
2016-09-20,10.5,467440,existing_CODiS_export,2016,9,20
2016-09-21,9.5,467440,existing_CODiS_export,2016,9,21
2016-09-22,6.8,467440,existing_CODiS_export,2016,9,22
2016-09-23,6.1,467440,existing_CODiS_export,2016,9,23
2016-09-24,9.6,467440,existing_CODiS_export,2016,9,24
2016-09-25,10.0,467440,existing_CODiS_export,2016,9,25
2016-09-26,8.5,467440,existing_CODiS_export,2016,9,26
2016-09-27,0.0,467440,existing_CODiS_export,2016,9,27
2016-09-28,0.1,467440,existing_CODiS_export,2016,9,28
2016-09-29,5.1,467440,existing_CODiS_export,2016,9,29
2016-09-30,6.1,467440,existing_CODiS_export,2016,9,30
2016-10-01,0.2,467440,existing_CODiS_export,2016,10,1
2016-10-02,10.5,467440,existing_CODiS_export,2016,10,2
2016-10-03,6.6,467440,existing_CODiS_export,2016,10,3
2016-10-04,8.1,467440,existing_CODiS_export,2016,10,4
2016-10-05,8.8,467440,existing_CODiS_export,2016,10,5
2016-10-06,0.9,467440,existing_CODiS_export,2016,10,6
2016-10-07,2.5,467440,existing_CODiS_export,2016,10,7
2016-10-08,0.0,467440,existing_CODiS_export,2016,10,8
2016-10-09,0.0,467440,existing_CODiS_export,2016,10,9
2016-10-10,2.4,467440,existing_CODiS_export,2016,10,10
2016-10-11,1.0,467440,existing_CODiS_export,2016,10,11
2016-10-12,8.6,467440,existing_CODiS_export,2016,10,12
2016-10-13,8.2,467440,existing_CODiS_export,2016,10,13
2016-10-14,7.5,467440,existing_CODiS_export,2016,10,14
2016-10-15,8.0,467440,existing_CODiS_export,2016,10,15
2016-10-16,8.5,467440,existing_CODiS_export,2016,10,16
2016-10-17,6.2,467440,existing_CODiS_export,2016,10,17
2016-10-18,5.7,467440,existing_CODiS_export,2016,10,18
2016-10-19,8.9,467440,existing_CODiS_export,2016,10,19
2016-10-20,0.0,467440,existing_CODiS_export,2016,10,20
2016-10-21,3.6,467440,existing_CODiS_export,2016,10,21
2016-10-22,7.6,467440,existing_CODiS_export,2016,10,22
2016-10-23,10.0,467440,existing_CODiS_export,2016,10,23
2016-10-24,10.6,467440,existing_CODiS_export,2016,10,24
2016-10-25,5.8,467440,existing_CODiS_export,2016,10,25
2016-10-26,7.9,467440,existing_CODiS_export,2016,10,26
2016-10-27,9.0,467440,existing_CODiS_export,2016,10,27
2016-10-28,6.0,467440,existing_CODiS_export,2016,10,28
2016-10-29,3.2,467440,existing_CODiS_export,2016,10,29
2016-10-30,9.8,467440,existing_CODiS_export,2016,10,30
2016-10-31,9.3,467440,existing_CODiS_export,2016,10,31
2016-11-01,4.6,467440,existing_CODiS_export,2016,11,1
2016-11-02,6.3,467440,existing_CODiS_export,2016,11,2
2016-11-03,8.5,467440,existing_CODiS_export,2016,11,3
2016-11-04,9.9,467440,existing_CODiS_export,2016,11,4
2016-11-05,9.9,467440,existing_CODiS_export,2016,11,5
2016-11-06,8.8,467440,existing_CODiS_export,2016,11,6
2016-11-07,8.0,467440,existing_CODiS_export,2016,11,7
2016-11-08,7.8,467440,existing_CODiS_export,2016,11,8
2016-11-09,8.1,467440,existing_CODiS_export,2016,11,9
2016-11-10,2.8,467440,existing_CODiS_export,2016,11,10
2016-11-11,0.1,467440,existing_CODiS_export,2016,11,11
2016-11-12,9.7,467440,existing_CODiS_export,2016,11,12
2016-11-13,7.3,467440,existing_CODiS_export,2016,11,13
2016-11-14,8.7,467440,existing_CODiS_export,2016,11,14
2016-11-15,5.3,467440,existing_CODiS_export,2016,11,15
2016-11-16,7.9,467440,existing_CODiS_export,2016,11,16
2016-11-17,7.8,467440,existing_CODiS_export,2016,11,17
2016-11-18,4.1,467440,existing_CODiS_export,2016,11,18
2016-11-19,8.9,467440,existing_CODiS_export,2016,11,19
2016-11-20,2.4,467440,existing_CODiS_export,2016,11,20
2016-11-21,4.8,467440,existing_CODiS_export,2016,11,21
2016-11-22,0.0,467440,existing_CODiS_export,2016,11,22
2016-11-23,0.0,467440,existing_CODiS_export,2016,11,23
2016-11-24,8.1,467440,existing_CODiS_export,2016,11,24
2016-11-25,8.0,467440,existing_CODiS_export,2016,11,25
2016-11-26,2.8,467440,existing_CODiS_export,2016,11,26
2016-11-27,0.0,467440,existing_CODiS_export,2016,11,27
2016-11-28,0.3,467440,existing_CODiS_export,2016,11,28
2016-11-29,1.9,467440,existing_CODiS_export,2016,11,29
2016-11-30,0.5,467440,existing_CODiS_export,2016,11,30
2016-12-01,7.5,467440,existing_CODiS_export,2016,12,1
2016-12-02,1.6,467440,existing_CODiS_export,2016,12,2
2016-12-03,8.9,467440,existing_CODiS_export,2016,12,3
2016-12-04,7.6,467440,existing_CODiS_export,2016,12,4
2016-12-05,8.0,467440,existing_CODiS_export,2016,12,5
2016-12-06,0.0,467440,existing_CODiS_export,2016,12,6
2016-12-07,6.4,467440,existing_CODiS_export,2016,12,7
2016-12-08,6.5,467440,existing_CODiS_export,2016,12,8
2016-12-09,7.8,467440,existing_CODiS_export,2016,12,9
2016-12-10,9.1,467440,existing_CODiS_export,2016,12,10
2016-12-11,8.5,467440,existing_CODiS_export,2016,12,11
2016-12-12,8.7,467440,existing_CODiS_export,2016,12,12
2016-12-13,8.5,467440,existing_CODiS_export,2016,12,13
2016-12-14,8.7,467440,existing_CODiS_export,2016,12,14
2016-12-15,4.8,467440,existing_CODiS_export,2016,12,15
2016-12-16,0.5,467440,existing_CODiS_export,2016,12,16
2016-12-17,8.5,467440,existing_CODiS_export,2016,12,17
2016-12-18,7.4,467440,existing_CODiS_export,2016,12,18
2016-12-19,9.2,467440,existing_CODiS_export,2016,12,19
2016-12-20,8.6,467440,existing_CODiS_export,2016,12,20
2016-12-21,7.5,467440,existing_CODiS_export,2016,12,21
2016-12-22,5.4,467440,existing_CODiS_export,2016,12,22
2016-12-23,3.9,467440,existing_CODiS_export,2016,12,23
2016-12-24,4.0,467440,existing_CODiS_export,2016,12,24
2016-12-25,7.1,467440,existing_CODiS_export,2016,12,25
2016-12-26,8.7,467440,existing_CODiS_export,2016,12,26
2016-12-27,0.0,467440,existing_CODiS_export,2016,12,27
2016-12-28,0.0,467440,existing_CODiS_export,2016,12,28
2016-12-29,0.0,467440,existing_CODiS_export,2016,12,29
2016-12-30,0.2,467440,existing_CODiS_export,2016,12,30
2016-12-31,6.8,467440,existing_CODiS_export,2016,12,31
2017-01-01,8.7,467440,existing_CODiS_export,2017,1,1
2017-01-02,8.9,467440,existing_CODiS_export,2017,1,2
2017-01-03,7.5,467440,existing_CODiS_export,2017,1,3
2017-01-04,5.8,467440,existing_CODiS_export,2017,1,4
2017-01-05,7.4,467440,existing_CODiS_export,2017,1,5
2017-01-06,7.7,467440,existing_CODiS_export,2017,1,6
2017-01-07,5.1,467440,existing_CODiS_export,2017,1,7
2017-01-08,9.6,467440,existing_CODiS_export,2017,1,8
2017-01-09,8.3,467440,existing_CODiS_export,2017,1,9
2017-01-10,7.0,467440,existing_CODiS_export,2017,1,10
2017-01-11,5.9,467440,existing_CODiS_export,2017,1,11
2017-01-12,7.4,467440,existing_CODiS_export,2017,1,12
2017-01-13,4.9,467440,existing_CODiS_export,2017,1,13
2017-01-14,0.9,467440,existing_CODiS_export,2017,1,14
2017-01-15,3.7,467440,existing_CODiS_export,2017,1,15
2017-01-16,9.0,467440,existing_CODiS_export,2017,1,16
2017-01-17,7.9,467440,existing_CODiS_export,2017,1,17
2017-01-18,8.9,467440,existing_CODiS_export,2017,1,18
2017-01-19,9.6,467440,existing_CODiS_export,2017,1,19
2017-01-20,7.6,467440,existing_CODiS_export,2017,1,20
2017-01-21,5.5,467440,existing_CODiS_export,2017,1,21
2017-01-22,0.7,467440,existing_CODiS_export,2017,1,22
2017-01-23,4.2,467440,existing_CODiS_export,2017,1,23
2017-01-24,2.0,467440,existing_CODiS_export,2017,1,24
2017-01-25,4.2,467440,existing_CODiS_export,2017,1,25
2017-01-26,9.6,467440,existing_CODiS_export,2017,1,26
2017-01-27,9.9,467440,existing_CODiS_export,2017,1,27
2017-01-28,10.0,467440,existing_CODiS_export,2017,1,28
2017-01-29,8.9,467440,existing_CODiS_export,2017,1,29
2017-01-30,8.1,467440,existing_CODiS_export,2017,1,30
2017-01-31,0.2,467440,existing_CODiS_export,2017,1,31
2017-02-01,0.3,467440,existing_CODiS_export,2017,2,1
2017-02-02,2.3,467440,existing_CODiS_export,2017,2,2
2017-02-03,7.6,467440,existing_CODiS_export,2017,2,3
2017-02-04,0.2,467440,existing_CODiS_export,2017,2,4
2017-02-05,2.1,467440,existing_CODiS_export,2017,2,5
2017-02-06,8.5,467440,existing_CODiS_export,2017,2,6
2017-02-07,7.0,467440,existing_CODiS_export,2017,2,7
2017-02-08,9.9,467440,existing_CODiS_export,2017,2,8
2017-02-09,6.4,467440,existing_CODiS_export,2017,2,9
2017-02-10,0.9,467440,existing_CODiS_export,2017,2,10
2017-02-11,0.0,467440,existing_CODiS_export,2017,2,11
2017-02-12,3.3,467440,existing_CODiS_export,2017,2,12
2017-02-13,9.5,467440,existing_CODiS_export,2017,2,13
2017-02-14,9.5,467440,existing_CODiS_export,2017,2,14
2017-02-15,9.6,467440,existing_CODiS_export,2017,2,15
2017-02-16,10.4,467440,existing_CODiS_export,2017,2,16
2017-02-17,8.6,467440,existing_CODiS_export,2017,2,17
2017-02-18,10.3,467440,existing_CODiS_export,2017,2,18
2017-02-19,8.9,467440,existing_CODiS_export,2017,2,19
2017-02-20,7.1,467440,existing_CODiS_export,2017,2,20
2017-02-21,2.2,467440,existing_CODiS_export,2017,2,21
2017-02-22,4.3,467440,existing_CODiS_export,2017,2,22
2017-02-23,6.7,467440,existing_CODiS_export,2017,2,23
2017-02-24,2.5,467440,existing_CODiS_export,2017,2,24
2017-02-25,6.8,467440,existing_CODiS_export,2017,2,25
2017-02-26,7.4,467440,existing_CODiS_export,2017,2,26
2017-02-27,4.8,467440,existing_CODiS_export,2017,2,27
2017-02-28,9.0,467440,existing_CODiS_export,2017,2,28
2017-03-01,10.6,467440,existing_CODiS_export,2017,3,1
2017-03-02,9.0,467440,existing_CODiS_export,2017,3,2
2017-03-03,8.1,467440,existing_CODiS_export,2017,3,3
2017-03-04,9.7,467440,existing_CODiS_export,2017,3,4
2017-03-05,10.2,467440,existing_CODiS_export,2017,3,5
2017-03-06,8.9,467440,existing_CODiS_export,2017,3,6
2017-03-07,0.0,467440,existing_CODiS_export,2017,3,7
2017-03-08,0.0,467440,existing_CODiS_export,2017,3,8
2017-03-09,6.9,467440,existing_CODiS_export,2017,3,9
2017-03-10,6.9,467440,existing_CODiS_export,2017,3,10
2017-03-11,10.1,467440,existing_CODiS_export,2017,3,11
2017-03-12,9.5,467440,existing_CODiS_export,2017,3,12
2017-03-13,10.7,467440,existing_CODiS_export,2017,3,13
2017-03-14,0.5,467440,existing_CODiS_export,2017,3,14
2017-03-15,0.5,467440,existing_CODiS_export,2017,3,15
2017-03-16,2.1,467440,existing_CODiS_export,2017,3,16
2017-03-17,7.4,467440,existing_CODiS_export,2017,3,17
2017-03-18,1.8,467440,existing_CODiS_export,2017,3,18
2017-03-19,5.2,467440,existing_CODiS_export,2017,3,19
2017-03-20,4.4,467440,existing_CODiS_export,2017,3,20
2017-03-21,8.1,467440,existing_CODiS_export,2017,3,21
2017-03-22,7.9,467440,existing_CODiS_export,2017,3,22
2017-03-23,10.0,467440,existing_CODiS_export,2017,3,23
2017-03-24,8.8,467440,existing_CODiS_export,2017,3,24
2017-03-25,9.5,467440,existing_CODiS_export,2017,3,25
2017-03-26,0.0,467440,existing_CODiS_export,2017,3,26
2017-03-27,10.2,467440,existing_CODiS_export,2017,3,27
2017-03-28,4.5,467440,existing_CODiS_export,2017,3,28
2017-03-29,5.8,467440,existing_CODiS_export,2017,3,29
2017-03-30,3.5,467440,existing_CODiS_export,2017,3,30
2017-03-31,9.7,467440,existing_CODiS_export,2017,3,31
2017-04-01,1.4,467440,existing_CODiS_export,2017,4,1
2017-04-02,11.2,467440,existing_CODiS_export,2017,4,2
2017-04-03,10.3,467440,existing_CODiS_export,2017,4,3
2017-04-04,9.7,467440,existing_CODiS_export,2017,4,4
2017-04-05,10.2,467440,existing_CODiS_export,2017,4,5
2017-04-06,7.2,467440,existing_CODiS_export,2017,4,6
2017-04-07,1.8,467440,existing_CODiS_export,2017,4,7
2017-04-08,9.6,467440,existing_CODiS_export,2017,4,8
2017-04-09,8.2,467440,existing_CODiS_export,2017,4,9
2017-04-10,8.6,467440,existing_CODiS_export,2017,4,10
2017-04-11,4.3,467440,existing_CODiS_export,2017,4,11
2017-04-12,0.0,467440,existing_CODiS_export,2017,4,12
2017-04-13,0.6,467440,existing_CODiS_export,2017,4,13
2017-04-14,7.6,467440,existing_CODiS_export,2017,4,14
2017-04-15,11.5,467440,existing_CODiS_export,2017,4,15
2017-04-16,9.5,467440,existing_CODiS_export,2017,4,16
2017-04-17,9.8,467440,existing_CODiS_export,2017,4,17
2017-04-18,9.3,467440,existing_CODiS_export,2017,4,18
2017-04-19,9.5,467440,existing_CODiS_export,2017,4,19
2017-04-20,10.4,467440,existing_CODiS_export,2017,4,20
2017-04-21,9.8,467440,existing_CODiS_export,2017,4,21
2017-04-22,0.1,467440,existing_CODiS_export,2017,4,22
2017-04-23,0.0,467440,existing_CODiS_export,2017,4,23
2017-04-24,4.1,467440,existing_CODiS_export,2017,4,24
2017-04-25,5.8,467440,existing_CODiS_export,2017,4,25
2017-04-26,9.4,467440,existing_CODiS_export,2017,4,26
2017-04-27,2.3,467440,existing_CODiS_export,2017,4,27
2017-04-28,4.4,467440,existing_CODiS_export,2017,4,28
2017-04-29,11.0,467440,existing_CODiS_export,2017,4,29
2017-04-30,11.5,467440,existing_CODiS_export,2017,4,30
2017-05-01,11.6,467440,existing_CODiS_export,2017,5,1
2017-05-02,11.4,467440,existing_CODiS_export,2017,5,2
2017-05-03,10.5,467440,existing_CODiS_export,2017,5,3
2017-05-04,10.8,467440,existing_CODiS_export,2017,5,4
2017-05-05,10.7,467440,existing_CODiS_export,2017,5,5
2017-05-06,8.8,467440,existing_CODiS_export,2017,5,6
2017-05-07,10.4,467440,existing_CODiS_export,2017,5,7
2017-05-08,10.7,467440,existing_CODiS_export,2017,5,8
2017-05-09,12.1,467440,existing_CODiS_export,2017,5,9
2017-05-10,8.2,467440,existing_CODiS_export,2017,5,10
2017-05-11,9.4,467440,existing_CODiS_export,2017,5,11
2017-05-12,8.7,467440,existing_CODiS_export,2017,5,12
2017-05-13,6.8,467440,existing_CODiS_export,2017,5,13
2017-05-14,8.5,467440,existing_CODiS_export,2017,5,14
2017-05-15,5.6,467440,existing_CODiS_export,2017,5,15
2017-05-16,0.0,467440,existing_CODiS_export,2017,5,16
2017-05-17,1.5,467440,existing_CODiS_export,2017,5,17
2017-05-18,0.3,467440,existing_CODiS_export,2017,5,18
2017-05-19,0.1,467440,existing_CODiS_export,2017,5,19
2017-05-20,0.4,467440,existing_CODiS_export,2017,5,20
2017-05-21,12.5,467440,existing_CODiS_export,2017,5,21
2017-05-22,9.5,467440,existing_CODiS_export,2017,5,22
2017-05-23,11.2,467440,existing_CODiS_export,2017,5,23
2017-05-24,5.4,467440,existing_CODiS_export,2017,5,24
2017-05-25,3.4,467440,existing_CODiS_export,2017,5,25
2017-05-26,2.4,467440,existing_CODiS_export,2017,5,26
2017-05-27,1.1,467440,existing_CODiS_export,2017,5,27
2017-05-28,0.2,467440,existing_CODiS_export,2017,5,28
2017-05-29,6.6,467440,existing_CODiS_export,2017,5,29
2017-05-30,0.4,467440,existing_CODiS_export,2017,5,30
2017-05-31,10.4,467440,existing_CODiS_export,2017,5,31
2017-06-01,4.0,467440,existing_CODiS_export,2017,6,1
2017-06-02,1.5,467440,existing_CODiS_export,2017,6,2
2017-06-03,0.8,467440,existing_CODiS_export,2017,6,3
2017-06-04,0.2,467440,existing_CODiS_export,2017,6,4
2017-06-05,10.2,467440,existing_CODiS_export,2017,6,5
2017-06-06,11.9,467440,existing_CODiS_export,2017,6,6
2017-06-07,10.1,467440,existing_CODiS_export,2017,6,7
2017-06-08,9.0,467440,existing_CODiS_export,2017,6,8
2017-06-09,11.9,467440,existing_CODiS_export,2017,6,9
2017-06-10,12.9,467440,existing_CODiS_export,2017,6,10
2017-06-11,11.0,467440,existing_CODiS_export,2017,6,11
2017-06-12,10.1,467440,existing_CODiS_export,2017,6,12
2017-06-13,9.2,467440,existing_CODiS_export,2017,6,13
2017-06-14,0.5,467440,existing_CODiS_export,2017,6,14
2017-06-15,0.0,467440,existing_CODiS_export,2017,6,15
2017-06-16,5.9,467440,existing_CODiS_export,2017,6,16
2017-06-17,0.0,467440,existing_CODiS_export,2017,6,17
2017-06-18,2.8,467440,existing_CODiS_export,2017,6,18
2017-06-19,7.2,467440,existing_CODiS_export,2017,6,19
2017-06-20,6.2,467440,existing_CODiS_export,2017,6,20
2017-06-21,10.5,467440,existing_CODiS_export,2017,6,21
2017-06-22,12.1,467440,existing_CODiS_export,2017,6,22
2017-06-23,9.6,467440,existing_CODiS_export,2017,6,23
2017-06-24,9.3,467440,existing_CODiS_export,2017,6,24
2017-06-25,11.1,467440,existing_CODiS_export,2017,6,25
2017-06-26,10.9,467440,existing_CODiS_export,2017,6,26
2017-06-27,11.1,467440,existing_CODiS_export,2017,6,27
2017-06-28,11.3,467440,existing_CODiS_export,2017,6,28
2017-06-29,10.4,467440,existing_CODiS_export,2017,6,29
2017-06-30,5.1,467440,existing_CODiS_export,2017,6,30
2017-07-01,12.5,467440,existing_CODiS_export,2017,7,1
2017-07-02,11.3,467440,existing_CODiS_export,2017,7,2
2017-07-03,12.7,467440,existing_CODiS_export,2017,7,3
2017-07-04,8.5,467440,existing_CODiS_export,2017,7,4
2017-07-05,10.7,467440,existing_CODiS_export,2017,7,5
2017-07-06,6.8,467440,existing_CODiS_export,2017,7,6
2017-07-07,5.7,467440,existing_CODiS_export,2017,7,7
2017-07-08,9.5,467440,existing_CODiS_export,2017,7,8
2017-07-09,9.2,467440,existing_CODiS_export,2017,7,9
2017-07-10,11.6,467440,existing_CODiS_export,2017,7,10
2017-07-11,12.5,467440,existing_CODiS_export,2017,7,11
2017-07-12,10.7,467440,existing_CODiS_export,2017,7,12
2017-07-13,11.0,467440,existing_CODiS_export,2017,7,13
2017-07-14,9.2,467440,existing_CODiS_export,2017,7,14
2017-07-15,8.7,467440,existing_CODiS_export,2017,7,15
2017-07-16,6.4,467440,existing_CODiS_export,2017,7,16
2017-07-17,1.8,467440,existing_CODiS_export,2017,7,17
2017-07-18,5.5,467440,existing_CODiS_export,2017,7,18
2017-07-19,10.2,467440,existing_CODiS_export,2017,7,19
2017-07-20,10.6,467440,existing_CODiS_export,2017,7,20
2017-07-21,8.3,467440,existing_CODiS_export,2017,7,21
2017-07-22,0.8,467440,existing_CODiS_export,2017,7,22
2017-07-23,5.8,467440,existing_CODiS_export,2017,7,23
2017-07-24,8.1,467440,existing_CODiS_export,2017,7,24
2017-07-25,10.6,467440,existing_CODiS_export,2017,7,25
2017-07-26,7.6,467440,existing_CODiS_export,2017,7,26
2017-07-27,9.0,467440,existing_CODiS_export,2017,7,27
2017-07-28,3.2,467440,existing_CODiS_export,2017,7,28
2017-07-29,0.0,467440,existing_CODiS_export,2017,7,29
2017-07-30,3.4,467440,existing_CODiS_export,2017,7,30
2017-07-31,0.0,467440,existing_CODiS_export,2017,7,31
2017-08-01,1.3,467440,existing_CODiS_export,2017,8,1
2017-08-02,0.1,467440,existing_CODiS_export,2017,8,2
2017-08-03,9.9,467440,existing_CODiS_export,2017,8,3
2017-08-04,10.1,467440,existing_CODiS_export,2017,8,4
2017-08-05,9.9,467440,existing_CODiS_export,2017,8,5
2017-08-06,9.3,467440,existing_CODiS_export,2017,8,6
2017-08-07,8.3,467440,existing_CODiS_export,2017,8,7
2017-08-08,7.9,467440,existing_CODiS_export,2017,8,8
2017-08-09,9.3,467440,existing_CODiS_export,2017,8,9
2017-08-10,9.6,467440,existing_CODiS_export,2017,8,10
2017-08-11,9.6,467440,existing_CODiS_export,2017,8,11
2017-08-12,8.4,467440,existing_CODiS_export,2017,8,12
2017-08-13,11.3,467440,existing_CODiS_export,2017,8,13
2017-08-14,11.2,467440,existing_CODiS_export,2017,8,14
2017-08-15,12.0,467440,existing_CODiS_export,2017,8,15
2017-08-16,9.2,467440,existing_CODiS_export,2017,8,16
2017-08-17,11.2,467440,existing_CODiS_export,2017,8,17
2017-08-18,10.5,467440,existing_CODiS_export,2017,8,18
2017-08-19,9.5,467440,existing_CODiS_export,2017,8,19
2017-08-20,10.4,467440,existing_CODiS_export,2017,8,20
2017-08-21,0.8,467440,existing_CODiS_export,2017,8,21
2017-08-22,0.4,467440,existing_CODiS_export,2017,8,22
2017-08-23,4.1,467440,existing_CODiS_export,2017,8,23
2017-08-24,1.5,467440,existing_CODiS_export,2017,8,24
2017-08-25,10.7,467440,existing_CODiS_export,2017,8,25
2017-08-26,0.2,467440,existing_CODiS_export,2017,8,26
2017-08-27,2.4,467440,existing_CODiS_export,2017,8,27
2017-08-28,9.0,467440,existing_CODiS_export,2017,8,28
2017-08-29,7.2,467440,existing_CODiS_export,2017,8,29
2017-08-30,6.7,467440,existing_CODiS_export,2017,8,30
2017-08-31,0.0,467440,existing_CODiS_export,2017,8,31
2017-09-01,0.0,467440,existing_CODiS_export,2017,9,1
2017-09-02,4.3,467440,existing_CODiS_export,2017,9,2
2017-09-03,4.4,467440,existing_CODiS_export,2017,9,3
2017-09-04,10.1,467440,existing_CODiS_export,2017,9,4
2017-09-05,9.4,467440,existing_CODiS_export,2017,9,5
2017-09-06,6.3,467440,existing_CODiS_export,2017,9,6
2017-09-07,5.0,467440,existing_CODiS_export,2017,9,7
2017-09-08,10.1,467440,existing_CODiS_export,2017,9,8
2017-09-09,10.1,467440,existing_CODiS_export,2017,9,9
2017-09-10,8.3,467440,existing_CODiS_export,2017,9,10
2017-09-11,8.8,467440,existing_CODiS_export,2017,9,11
2017-09-12,10.3,467440,existing_CODiS_export,2017,9,12
2017-09-13,9.5,467440,existing_CODiS_export,2017,9,13
2017-09-14,10.2,467440,existing_CODiS_export,2017,9,14
2017-09-15,9.3,467440,existing_CODiS_export,2017,9,15
2017-09-16,11.2,467440,existing_CODiS_export,2017,9,16
2017-09-17,8.2,467440,existing_CODiS_export,2017,9,17
2017-09-18,6.6,467440,existing_CODiS_export,2017,9,18
2017-09-19,1.6,467440,existing_CODiS_export,2017,9,19
2017-09-20,5.4,467440,existing_CODiS_export,2017,9,20
2017-09-21,9.0,467440,existing_CODiS_export,2017,9,21
2017-09-22,9.6,467440,existing_CODiS_export,2017,9,22
2017-09-23,7.7,467440,existing_CODiS_export,2017,9,23
2017-09-24,10.5,467440,existing_CODiS_export,2017,9,24
2017-09-25,6.1,467440,existing_CODiS_export,2017,9,25
2017-09-26,10.4,467440,existing_CODiS_export,2017,9,26
2017-09-27,8.8,467440,existing_CODiS_export,2017,9,27
2017-09-28,9.3,467440,existing_CODiS_export,2017,9,28
2017-09-29,5.8,467440,existing_CODiS_export,2017,9,29
2017-09-30,9.6,467440,existing_CODiS_export,2017,9,30
2017-10-01,8.5,467440,existing_CODiS_export,2017,10,1
2017-10-02,9.6,467440,existing_CODiS_export,2017,10,2
2017-10-03,6.3,467440,existing_CODiS_export,2017,10,3
2017-10-04,5.8,467440,existing_CODiS_export,2017,10,4
2017-10-05,5.2,467440,existing_CODiS_export,2017,10,5
2017-10-06,8.6,467440,existing_CODiS_export,2017,10,6
2017-10-07,7.2,467440,existing_CODiS_export,2017,10,7
2017-10-08,0.1,467440,existing_CODiS_export,2017,10,8
2017-10-09,7.5,467440,existing_CODiS_export,2017,10,9
2017-10-10,10.3,467440,existing_CODiS_export,2017,10,10
2017-10-11,9.0,467440,existing_CODiS_export,2017,10,11
2017-10-12,6.7,467440,existing_CODiS_export,2017,10,12
2017-10-13,0.0,467440,existing_CODiS_export,2017,10,13
2017-10-14,0.0,467440,existing_CODiS_export,2017,10,14
2017-10-15,1.3,467440,existing_CODiS_export,2017,10,15
2017-10-16,7.8,467440,existing_CODiS_export,2017,10,16
2017-10-17,8.1,467440,existing_CODiS_export,2017,10,17
2017-10-18,9.4,467440,existing_CODiS_export,2017,10,18
2017-10-19,6.9,467440,existing_CODiS_export,2017,10,19
2017-10-20,4.3,467440,existing_CODiS_export,2017,10,20
2017-10-21,2.0,467440,existing_CODiS_export,2017,10,21
2017-10-22,6.3,467440,existing_CODiS_export,2017,10,22
2017-10-23,9.0,467440,existing_CODiS_export,2017,10,23
2017-10-24,9.5,467440,existing_CODiS_export,2017,10,24
2017-10-25,9.7,467440,existing_CODiS_export,2017,10,25
2017-10-26,9.0,467440,existing_CODiS_export,2017,10,26
2017-10-27,9.7,467440,existing_CODiS_export,2017,10,27
2017-10-28,9.7,467440,existing_CODiS_export,2017,10,28
2017-10-29,8.6,467440,existing_CODiS_export,2017,10,29
2017-10-30,8.2,467440,existing_CODiS_export,2017,10,30
2017-10-31,8.9,467440,existing_CODiS_export,2017,10,31
2017-11-01,10.1,467440,existing_CODiS_export,2017,11,1
2017-11-02,1.2,467440,existing_CODiS_export,2017,11,2
2017-11-03,6.4,467440,existing_CODiS_export,2017,11,3
2017-11-04,6.0,467440,existing_CODiS_export,2017,11,4
2017-11-05,4.1,467440,existing_CODiS_export,2017,11,5
2017-11-06,0.3,467440,existing_CODiS_export,2017,11,6
2017-11-07,8.8,467440,existing_CODiS_export,2017,11,7
2017-11-08,9.6,467440,existing_CODiS_export,2017,11,8
2017-11-09,6.9,467440,existing_CODiS_export,2017,11,9
2017-11-10,2.8,467440,existing_CODiS_export,2017,11,10
2017-11-11,0.0,467440,existing_CODiS_export,2017,11,11
2017-11-12,0.2,467440,existing_CODiS_export,2017,11,12
2017-11-13,4.3,467440,existing_CODiS_export,2017,11,13
2017-11-14,5.0,467440,existing_CODiS_export,2017,11,14
2017-11-15,4.0,467440,existing_CODiS_export,2017,11,15
2017-11-16,8.7,467440,existing_CODiS_export,2017,11,16
2017-11-17,9.1,467440,existing_CODiS_export,2017,11,17
2017-11-18,9.0,467440,existing_CODiS_export,2017,11,18
2017-11-19,1.5,467440,existing_CODiS_export,2017,11,19
2017-11-20,9.4,467440,existing_CODiS_export,2017,11,20
2017-11-21,8.4,467440,existing_CODiS_export,2017,11,21
2017-11-22,4.2,467440,existing_CODiS_export,2017,11,22
2017-11-23,1.5,467440,existing_CODiS_export,2017,11,23
2017-11-24,0.0,467440,existing_CODiS_export,2017,11,24
2017-11-25,7.4,467440,existing_CODiS_export,2017,11,25
2017-11-26,1.7,467440,existing_CODiS_export,2017,11,26
2017-11-27,8.2,467440,existing_CODiS_export,2017,11,27
2017-11-28,9.4,467440,existing_CODiS_export,2017,11,28
2017-11-29,8.4,467440,existing_CODiS_export,2017,11,29
2017-11-30,8.0,467440,existing_CODiS_export,2017,11,30
2017-12-01,1.5,467440,existing_CODiS_export,2017,12,1
2017-12-02,3.1,467440,existing_CODiS_export,2017,12,2
2017-12-03,3.1,467440,existing_CODiS_export,2017,12,3
2017-12-04,8.8,467440,existing_CODiS_export,2017,12,4
2017-12-05,6.0,467440,existing_CODiS_export,2017,12,5
2017-12-06,2.6,467440,existing_CODiS_export,2017,12,6
2017-12-07,7.0,467440,existing_CODiS_export,2017,12,7
2017-12-08,0.0,467440,existing_CODiS_export,2017,12,8
2017-12-09,0.7,467440,existing_CODiS_export,2017,12,9
2017-12-10,9.2,467440,existing_CODiS_export,2017,12,10
2017-12-11,1.5,467440,existing_CODiS_export,2017,12,11
2017-12-12,0.0,467440,existing_CODiS_export,2017,12,12
2017-12-13,7.4,467440,existing_CODiS_export,2017,12,13
2017-12-14,6.5,467440,existing_CODiS_export,2017,12,14
2017-12-15,8.5,467440,existing_CODiS_export,2017,12,15
2017-12-16,3.0,467440,existing_CODiS_export,2017,12,16
2017-12-17,2.2,467440,existing_CODiS_export,2017,12,17
2017-12-18,4.6,467440,existing_CODiS_export,2017,12,18
2017-12-19,3.8,467440,existing_CODiS_export,2017,12,19
2017-12-20,1.9,467440,existing_CODiS_export,2017,12,20
2017-12-21,8.7,467440,existing_CODiS_export,2017,12,21
2017-12-22,9.0,467440,existing_CODiS_export,2017,12,22
2017-12-23,9.3,467440,existing_CODiS_export,2017,12,23
2017-12-24,5.4,467440,existing_CODiS_export,2017,12,24
2017-12-25,0.0,467440,existing_CODiS_export,2017,12,25
2017-12-26,2.8,467440,existing_CODiS_export,2017,12,26
2017-12-27,4.7,467440,existing_CODiS_export,2017,12,27
2017-12-28,2.7,467440,existing_CODiS_export,2017,12,28
2017-12-29,8.7,467440,existing_CODiS_export,2017,12,29
2017-12-30,7.3,467440,existing_CODiS_export,2017,12,30
2017-12-31,2.5,467440,existing_CODiS_export,2017,12,31
2018-01-01,7.7,467440,existing_CODiS_export,2018,1,1
2018-01-02,9.0,467440,existing_CODiS_export,2018,1,2
2018-01-03,7.1,467440,existing_CODiS_export,2018,1,3
2018-01-04,0.3,467440,existing_CODiS_export,2018,1,4
2018-01-05,0.2,467440,existing_CODiS_export,2018,1,5
2018-01-06,0.0,467440,existing_CODiS_export,2018,1,6
2018-01-07,6.5,467440,existing_CODiS_export,2018,1,7
2018-01-08,5.3,467440,existing_CODiS_export,2018,1,8
2018-01-09,0.0,467440,existing_CODiS_export,2018,1,9
2018-01-10,1.8,467440,existing_CODiS_export,2018,1,10
2018-01-11,0.4,467440,existing_CODiS_export,2018,1,11
2018-01-12,9.5,467440,existing_CODiS_export,2018,1,12
2018-01-13,9.6,467440,existing_CODiS_export,2018,1,13
2018-01-14,10.0,467440,existing_CODiS_export,2018,1,14
2018-01-15,9.6,467440,existing_CODiS_export,2018,1,15
2018-01-16,5.9,467440,existing_CODiS_export,2018,1,16
2018-01-17,0.9,467440,existing_CODiS_export,2018,1,17
2018-01-18,1.4,467440,existing_CODiS_export,2018,1,18
2018-01-19,5.4,467440,existing_CODiS_export,2018,1,19
2018-01-20,8.5,467440,existing_CODiS_export,2018,1,20
2018-01-21,1.0,467440,existing_CODiS_export,2018,1,21
2018-01-22,5.6,467440,existing_CODiS_export,2018,1,22
2018-01-23,9.0,467440,existing_CODiS_export,2018,1,23
2018-01-24,7.1,467440,existing_CODiS_export,2018,1,24
2018-01-25,2.2,467440,existing_CODiS_export,2018,1,25
2018-01-26,7.8,467440,existing_CODiS_export,2018,1,26
2018-01-27,4.2,467440,existing_CODiS_export,2018,1,27
2018-01-28,3.8,467440,existing_CODiS_export,2018,1,28
2018-01-29,0.0,467440,existing_CODiS_export,2018,1,29
2018-01-30,3.0,467440,existing_CODiS_export,2018,1,30
2018-01-31,6.2,467440,existing_CODiS_export,2018,1,31
2018-02-01,0.1,467440,existing_CODiS_export,2018,2,1
2018-02-02,5.6,467440,existing_CODiS_export,2018,2,2
2018-02-03,0.7,467440,existing_CODiS_export,2018,2,3
2018-02-04,0.0,467440,existing_CODiS_export,2018,2,4
2018-02-05,0.0,467440,existing_CODiS_export,2018,2,5
2018-02-06,5.9,467440,existing_CODiS_export,2018,2,6
2018-02-07,0.0,467440,existing_CODiS_export,2018,2,7
2018-02-08,0.1,467440,existing_CODiS_export,2018,2,8
2018-02-09,6.2,467440,existing_CODiS_export,2018,2,9
2018-02-10,8.5,467440,existing_CODiS_export,2018,2,10
2018-02-11,1.8,467440,existing_CODiS_export,2018,2,11
2018-02-12,4.9,467440,existing_CODiS_export,2018,2,12
2018-02-13,8.0,467440,existing_CODiS_export,2018,2,13
2018-02-14,10.4,467440,existing_CODiS_export,2018,2,14
2018-02-15,10.2,467440,existing_CODiS_export,2018,2,15
2018-02-16,0.5,467440,existing_CODiS_export,2018,2,16
2018-02-17,4.3,467440,existing_CODiS_export,2018,2,17
2018-02-18,8.0,467440,existing_CODiS_export,2018,2,18
2018-02-19,6.0,467440,existing_CODiS_export,2018,2,19
2018-02-20,8.8,467440,existing_CODiS_export,2018,2,20
2018-02-21,9.0,467440,existing_CODiS_export,2018,2,21
2018-02-22,2.0,467440,existing_CODiS_export,2018,2,22
2018-02-23,6.5,467440,existing_CODiS_export,2018,2,23
2018-02-24,1.6,467440,existing_CODiS_export,2018,2,24
2018-02-25,7.8,467440,existing_CODiS_export,2018,2,25
2018-02-26,6.8,467440,existing_CODiS_export,2018,2,26
2018-02-27,9.4,467440,existing_CODiS_export,2018,2,27
2018-02-28,3.7,467440,existing_CODiS_export,2018,2,28
2018-03-01,10.7,467440,existing_CODiS_export,2018,3,1
2018-03-02,6.6,467440,existing_CODiS_export,2018,3,2
2018-03-03,10.0,467440,existing_CODiS_export,2018,3,3
2018-03-04,7.6,467440,existing_CODiS_export,2018,3,4
2018-03-05,10.4,467440,existing_CODiS_export,2018,3,5
2018-03-06,3.8,467440,existing_CODiS_export,2018,3,6
2018-03-07,8.3,467440,existing_CODiS_export,2018,3,7
2018-03-08,0.2,467440,existing_CODiS_export,2018,3,8
2018-03-09,0.3,467440,existing_CODiS_export,2018,3,9
2018-03-10,10.8,467440,existing_CODiS_export,2018,3,10
2018-03-11,9.9,467440,existing_CODiS_export,2018,3,11
2018-03-12,10.2,467440,existing_CODiS_export,2018,3,12
2018-03-13,10.1,467440,existing_CODiS_export,2018,3,13
2018-03-14,6.7,467440,existing_CODiS_export,2018,3,14
2018-03-15,5.2,467440,existing_CODiS_export,2018,3,15
2018-03-16,7.2,467440,existing_CODiS_export,2018,3,16
2018-03-17,7.1,467440,existing_CODiS_export,2018,3,17
2018-03-18,9.1,467440,existing_CODiS_export,2018,3,18
2018-03-19,10.5,467440,existing_CODiS_export,2018,3,19
2018-03-20,4.9,467440,existing_CODiS_export,2018,3,20
2018-03-21,10.4,467440,existing_CODiS_export,2018,3,21
2018-03-22,10.9,467440,existing_CODiS_export,2018,3,22
2018-03-23,10.9,467440,existing_CODiS_export,2018,3,23
2018-03-24,10.4,467440,existing_CODiS_export,2018,3,24
2018-03-25,9.7,467440,existing_CODiS_export,2018,3,25
2018-03-26,10.2,467440,existing_CODiS_export,2018,3,26
2018-03-27,8.3,467440,existing_CODiS_export,2018,3,27
2018-03-28,9.2,467440,existing_CODiS_export,2018,3,28
2018-03-29,8.4,467440,existing_CODiS_export,2018,3,29
2018-03-30,8.9,467440,existing_CODiS_export,2018,3,30
2018-03-31,8.8,467440,existing_CODiS_export,2018,3,31
2018-04-01,7.0,467440,existing_CODiS_export,2018,4,1
2018-04-02,7.2,467440,existing_CODiS_export,2018,4,2
2018-04-03,10.5,467440,existing_CODiS_export,2018,4,3
2018-04-04,6.7,467440,existing_CODiS_export,2018,4,4
2018-04-05,8.6,467440,existing_CODiS_export,2018,4,5
2018-04-06,7.2,467440,existing_CODiS_export,2018,4,6
2018-04-07,0.1,467440,existing_CODiS_export,2018,4,7
2018-04-08,8.0,467440,existing_CODiS_export,2018,4,8
2018-04-09,11.0,467440,existing_CODiS_export,2018,4,9
2018-04-10,5.1,467440,existing_CODiS_export,2018,4,10
2018-04-11,11.4,467440,existing_CODiS_export,2018,4,11
2018-04-12,9.3,467440,existing_CODiS_export,2018,4,12
2018-04-13,11.4,467440,existing_CODiS_export,2018,4,13
2018-04-14,9.7,467440,existing_CODiS_export,2018,4,14
2018-04-15,7.5,467440,existing_CODiS_export,2018,4,15
2018-04-16,7.7,467440,existing_CODiS_export,2018,4,16
2018-04-17,6.1,467440,existing_CODiS_export,2018,4,17
2018-04-18,8.5,467440,existing_CODiS_export,2018,4,18
2018-04-19,7.9,467440,existing_CODiS_export,2018,4,19
2018-04-20,7.5,467440,existing_CODiS_export,2018,4,20
2018-04-21,8.1,467440,existing_CODiS_export,2018,4,21
2018-04-22,11.5,467440,existing_CODiS_export,2018,4,22
2018-04-23,8.8,467440,existing_CODiS_export,2018,4,23
2018-04-24,3.0,467440,existing_CODiS_export,2018,4,24
2018-04-25,1.3,467440,existing_CODiS_export,2018,4,25
2018-04-26,6.2,467440,existing_CODiS_export,2018,4,26
2018-04-27,5.2,467440,existing_CODiS_export,2018,4,27
2018-04-28,2.2,467440,existing_CODiS_export,2018,4,28
2018-04-29,4.9,467440,existing_CODiS_export,2018,4,29
2018-04-30,10.3,467440,existing_CODiS_export,2018,4,30
2018-05-01,8.0,467440,existing_CODiS_export,2018,5,1
2018-05-02,12.0,467440,existing_CODiS_export,2018,5,2
2018-05-03,9.6,467440,existing_CODiS_export,2018,5,3
2018-05-04,5.0,467440,existing_CODiS_export,2018,5,4
2018-05-05,10.5,467440,existing_CODiS_export,2018,5,5
2018-05-06,10.0,467440,existing_CODiS_export,2018,5,6
2018-05-07,6.5,467440,existing_CODiS_export,2018,5,7
2018-05-08,1.8,467440,existing_CODiS_export,2018,5,8
2018-05-09,3.2,467440,existing_CODiS_export,2018,5,9
2018-05-10,3.0,467440,existing_CODiS_export,2018,5,10
2018-05-11,8.1,467440,existing_CODiS_export,2018,5,11
2018-05-12,8.9,467440,existing_CODiS_export,2018,5,12
2018-05-13,7.6,467440,existing_CODiS_export,2018,5,13
2018-05-14,10.1,467440,existing_CODiS_export,2018,5,14
2018-05-15,11.8,467440,existing_CODiS_export,2018,5,15
2018-05-16,11.9,467440,existing_CODiS_export,2018,5,16
2018-05-17,10.7,467440,existing_CODiS_export,2018,5,17
2018-05-18,11.5,467440,existing_CODiS_export,2018,5,18
2018-05-19,11.5,467440,existing_CODiS_export,2018,5,19
2018-05-20,9.1,467440,existing_CODiS_export,2018,5,20
2018-05-21,9.1,467440,existing_CODiS_export,2018,5,21
2018-05-22,10.9,467440,existing_CODiS_export,2018,5,22
2018-05-23,11.4,467440,existing_CODiS_export,2018,5,23
2018-05-24,7.9,467440,existing_CODiS_export,2018,5,24
2018-05-25,11.0,467440,existing_CODiS_export,2018,5,25
2018-05-26,12.2,467440,existing_CODiS_export,2018,5,26
2018-05-27,11.9,467440,existing_CODiS_export,2018,5,27
2018-05-28,11.4,467440,existing_CODiS_export,2018,5,28
2018-05-29,11.3,467440,existing_CODiS_export,2018,5,29
2018-05-30,9.8,467440,existing_CODiS_export,2018,5,30
2018-05-31,11.6,467440,existing_CODiS_export,2018,5,31
2018-06-01,6.2,467440,existing_CODiS_export,2018,6,1
2018-06-02,9.3,467440,existing_CODiS_export,2018,6,2
2018-06-03,10.7,467440,existing_CODiS_export,2018,6,3
2018-06-04,11.3,467440,existing_CODiS_export,2018,6,4
2018-06-05,12.5,467440,existing_CODiS_export,2018,6,5
2018-06-06,10.6,467440,existing_CODiS_export,2018,6,6
2018-06-07,8.6,467440,existing_CODiS_export,2018,6,7
2018-06-08,10.5,467440,existing_CODiS_export,2018,6,8
2018-06-09,10.8,467440,existing_CODiS_export,2018,6,9
2018-06-10,9.3,467440,existing_CODiS_export,2018,6,10
2018-06-11,2.8,467440,existing_CODiS_export,2018,6,11
2018-06-12,10.1,467440,existing_CODiS_export,2018,6,12
2018-06-13,8.2,467440,existing_CODiS_export,2018,6,13
2018-06-14,0.2,467440,existing_CODiS_export,2018,6,14
2018-06-15,0.0,467440,existing_CODiS_export,2018,6,15
2018-06-16,3.3,467440,existing_CODiS_export,2018,6,16
2018-06-17,0.0,467440,existing_CODiS_export,2018,6,17
2018-06-18,0.7,467440,existing_CODiS_export,2018,6,18
2018-06-19,0.0,467440,existing_CODiS_export,2018,6,19
2018-06-20,0.0,467440,existing_CODiS_export,2018,6,20
2018-06-21,1.0,467440,existing_CODiS_export,2018,6,21
2018-06-22,4.4,467440,existing_CODiS_export,2018,6,22
2018-06-23,6.5,467440,existing_CODiS_export,2018,6,23
2018-06-24,7.0,467440,existing_CODiS_export,2018,6,24
2018-06-25,12.1,467440,existing_CODiS_export,2018,6,25
2018-06-26,6.5,467440,existing_CODiS_export,2018,6,26
2018-06-27,6.4,467440,existing_CODiS_export,2018,6,27
2018-06-28,12.2,467440,existing_CODiS_export,2018,6,28
2018-06-29,10.9,467440,existing_CODiS_export,2018,6,29
2018-06-30,8.7,467440,existing_CODiS_export,2018,6,30
2018-07-01,6.9,467440,existing_CODiS_export,2018,7,1
2018-07-02,0.0,467440,existing_CODiS_export,2018,7,2
2018-07-03,2.3,467440,existing_CODiS_export,2018,7,3
2018-07-04,0.0,467440,existing_CODiS_export,2018,7,4
2018-07-05,0.0,467440,existing_CODiS_export,2018,7,5
2018-07-06,0.9,467440,existing_CODiS_export,2018,7,6
2018-07-07,0.3,467440,existing_CODiS_export,2018,7,7
2018-07-08,10.8,467440,existing_CODiS_export,2018,7,8
2018-07-09,10.8,467440,existing_CODiS_export,2018,7,9
2018-07-10,10.1,467440,existing_CODiS_export,2018,7,10
2018-07-11,9.5,467440,existing_CODiS_export,2018,7,11
2018-07-12,1.5,467440,existing_CODiS_export,2018,7,12
2018-07-13,7.0,467440,existing_CODiS_export,2018,7,13
2018-07-14,8.2,467440,existing_CODiS_export,2018,7,14
2018-07-15,6.2,467440,existing_CODiS_export,2018,7,15
2018-07-16,7.1,467440,existing_CODiS_export,2018,7,16
2018-07-17,10.4,467440,existing_CODiS_export,2018,7,17
2018-07-18,7.6,467440,existing_CODiS_export,2018,7,18
2018-07-19,9.2,467440,existing_CODiS_export,2018,7,19
2018-07-20,8.0,467440,existing_CODiS_export,2018,7,20
2018-07-21,11.3,467440,existing_CODiS_export,2018,7,21
2018-07-22,5.7,467440,existing_CODiS_export,2018,7,22
2018-07-23,8.4,467440,existing_CODiS_export,2018,7,23
2018-07-24,2.2,467440,existing_CODiS_export,2018,7,24
2018-07-25,6.1,467440,existing_CODiS_export,2018,7,25
2018-07-26,8.1,467440,existing_CODiS_export,2018,7,26
2018-07-27,5.8,467440,existing_CODiS_export,2018,7,27
2018-07-28,7.9,467440,existing_CODiS_export,2018,7,28
2018-07-29,12.7,467440,existing_CODiS_export,2018,7,29
2018-07-30,12.3,467440,existing_CODiS_export,2018,7,30
2018-07-31,11.3,467440,existing_CODiS_export,2018,7,31
2018-08-01,9.1,467440,existing_CODiS_export,2018,8,1
2018-08-02,3.3,467440,existing_CODiS_export,2018,8,2
2018-08-03,2.9,467440,existing_CODiS_export,2018,8,3
2018-08-04,8.8,467440,existing_CODiS_export,2018,8,4
2018-08-05,8.7,467440,existing_CODiS_export,2018,8,5
2018-08-06,9.7,467440,existing_CODiS_export,2018,8,6
2018-08-07,9.3,467440,existing_CODiS_export,2018,8,7
2018-08-08,6.3,467440,existing_CODiS_export,2018,8,8
2018-08-09,10.3,467440,existing_CODiS_export,2018,8,9
2018-08-10,9.5,467440,existing_CODiS_export,2018,8,10
2018-08-11,9.9,467440,existing_CODiS_export,2018,8,11
2018-08-12,10.7,467440,existing_CODiS_export,2018,8,12
2018-08-13,0.0,467440,existing_CODiS_export,2018,8,13
2018-08-14,4.2,467440,existing_CODiS_export,2018,8,14
2018-08-15,0.0,467440,existing_CODiS_export,2018,8,15
2018-08-16,4.5,467440,existing_CODiS_export,2018,8,16
2018-08-17,1.0,467440,existing_CODiS_export,2018,8,17
2018-08-18,1.0,467440,existing_CODiS_export,2018,8,18
2018-08-19,0.0,467440,existing_CODiS_export,2018,8,19
2018-08-20,7.5,467440,existing_CODiS_export,2018,8,20
2018-08-21,5.5,467440,existing_CODiS_export,2018,8,21
2018-08-22,1.0,467440,existing_CODiS_export,2018,8,22
2018-08-23,0.0,467440,existing_CODiS_export,2018,8,23
2018-08-24,0.0,467440,existing_CODiS_export,2018,8,24
2018-08-25,0.0,467440,existing_CODiS_export,2018,8,25
2018-08-26,0.2,467440,existing_CODiS_export,2018,8,26
2018-08-27,0.0,467440,existing_CODiS_export,2018,8,27
2018-08-28,0.0,467440,existing_CODiS_export,2018,8,28
2018-08-29,0.0,467440,existing_CODiS_export,2018,8,29
2018-08-30,0.0,467440,existing_CODiS_export,2018,8,30
2018-08-31,4.3,467440,existing_CODiS_export,2018,8,31
2018-09-01,8.1,467440,existing_CODiS_export,2018,9,1
2018-09-02,8.2,467440,existing_CODiS_export,2018,9,2
2018-09-03,11.3,467440,existing_CODiS_export,2018,9,3
2018-09-04,8.2,467440,existing_CODiS_export,2018,9,4
2018-09-05,8.6,467440,existing_CODiS_export,2018,9,5
2018-09-06,5.5,467440,existing_CODiS_export,2018,9,6
2018-09-07,9.0,467440,existing_CODiS_export,2018,9,7
2018-09-08,5.2,467440,existing_CODiS_export,2018,9,8
2018-09-09,8.9,467440,existing_CODiS_export,2018,9,9
2018-09-10,1.3,467440,existing_CODiS_export,2018,9,10
2018-09-11,6.1,467440,existing_CODiS_export,2018,9,11
2018-09-12,7.2,467440,existing_CODiS_export,2018,9,12
2018-09-13,6.9,467440,existing_CODiS_export,2018,9,13
2018-09-14,8.8,467440,existing_CODiS_export,2018,9,14
2018-09-15,0.4,467440,existing_CODiS_export,2018,9,15
2018-09-16,0.5,467440,existing_CODiS_export,2018,9,16
2018-09-17,5.6,467440,existing_CODiS_export,2018,9,17
2018-09-18,6.3,467440,existing_CODiS_export,2018,9,18
2018-09-19,10.2,467440,existing_CODiS_export,2018,9,19
2018-09-20,10.2,467440,existing_CODiS_export,2018,9,20
2018-09-21,9.4,467440,existing_CODiS_export,2018,9,21
2018-09-22,6.5,467440,existing_CODiS_export,2018,9,22
2018-09-23,7.7,467440,existing_CODiS_export,2018,9,23
2018-09-24,8.0,467440,existing_CODiS_export,2018,9,24
2018-09-25,6.2,467440,existing_CODiS_export,2018,9,25
2018-09-26,10.2,467440,existing_CODiS_export,2018,9,26
2018-09-27,7.6,467440,existing_CODiS_export,2018,9,27
2018-09-28,9.6,467440,existing_CODiS_export,2018,9,28
2018-09-29,11.0,467440,existing_CODiS_export,2018,9,29
2018-09-30,1.3,467440,existing_CODiS_export,2018,9,30
2018-10-01,2.2,467440,existing_CODiS_export,2018,10,1
2018-10-02,8.7,467440,existing_CODiS_export,2018,10,2
2018-10-03,8.7,467440,existing_CODiS_export,2018,10,3
2018-10-04,10.6,467440,existing_CODiS_export,2018,10,4
2018-10-05,11.0,467440,existing_CODiS_export,2018,10,5
2018-10-06,5.4,467440,existing_CODiS_export,2018,10,6
2018-10-07,8.1,467440,existing_CODiS_export,2018,10,7
2018-10-08,9.5,467440,existing_CODiS_export,2018,10,8
2018-10-09,9.0,467440,existing_CODiS_export,2018,10,9
2018-10-10,3.9,467440,existing_CODiS_export,2018,10,10
2018-10-11,2.6,467440,existing_CODiS_export,2018,10,11
2018-10-12,2.4,467440,existing_CODiS_export,2018,10,12
2018-10-13,8.3,467440,existing_CODiS_export,2018,10,13
2018-10-14,7.9,467440,existing_CODiS_export,2018,10,14
2018-10-15,10.5,467440,existing_CODiS_export,2018,10,15
2018-10-16,10.6,467440,existing_CODiS_export,2018,10,16
2018-10-17,8.3,467440,existing_CODiS_export,2018,10,17
2018-10-18,4.6,467440,existing_CODiS_export,2018,10,18
2018-10-19,1.6,467440,existing_CODiS_export,2018,10,19
2018-10-20,7.9,467440,existing_CODiS_export,2018,10,20
2018-10-21,9.1,467440,existing_CODiS_export,2018,10,21
2018-10-22,9.8,467440,existing_CODiS_export,2018,10,22
2018-10-23,8.1,467440,existing_CODiS_export,2018,10,23
2018-10-24,4.1,467440,existing_CODiS_export,2018,10,24
2018-10-25,8.8,467440,existing_CODiS_export,2018,10,25
2018-10-26,9.0,467440,existing_CODiS_export,2018,10,26
2018-10-27,4.9,467440,existing_CODiS_export,2018,10,27
2018-10-28,8.3,467440,existing_CODiS_export,2018,10,28
2018-10-29,10.0,467440,existing_CODiS_export,2018,10,29
2018-10-30,8.9,467440,existing_CODiS_export,2018,10,30
2018-10-31,0.0,467440,existing_CODiS_export,2018,10,31
2018-11-01,0.4,467440,existing_CODiS_export,2018,11,1
2018-11-02,0.1,467440,existing_CODiS_export,2018,11,2
2018-11-03,9.5,467440,existing_CODiS_export,2018,11,3
2018-11-04,6.9,467440,existing_CODiS_export,2018,11,4
2018-11-05,8.8,467440,existing_CODiS_export,2018,11,5
2018-11-06,8.6,467440,existing_CODiS_export,2018,11,6
2018-11-07,9.2,467440,existing_CODiS_export,2018,11,7
2018-11-08,9.0,467440,existing_CODiS_export,2018,11,8
2018-11-09,7.9,467440,existing_CODiS_export,2018,11,9
2018-11-10,5.7,467440,existing_CODiS_export,2018,11,10
2018-11-11,9.4,467440,existing_CODiS_export,2018,11,11
2018-11-12,2.0,467440,existing_CODiS_export,2018,11,12
2018-11-13,7.1,467440,existing_CODiS_export,2018,11,13
2018-11-14,9.0,467440,existing_CODiS_export,2018,11,14
2018-11-15,8.9,467440,existing_CODiS_export,2018,11,15
2018-11-16,1.8,467440,existing_CODiS_export,2018,11,16
2018-11-17,3.2,467440,existing_CODiS_export,2018,11,17
2018-11-18,7.6,467440,existing_CODiS_export,2018,11,18
2018-11-19,5.8,467440,existing_CODiS_export,2018,11,19
2018-11-20,5.8,467440,existing_CODiS_export,2018,11,20
2018-11-21,9.7,467440,existing_CODiS_export,2018,11,21
2018-11-22,9.2,467440,existing_CODiS_export,2018,11,22
2018-11-23,8.9,467440,existing_CODiS_export,2018,11,23
2018-11-24,9.3,467440,existing_CODiS_export,2018,11,24
2018-11-25,3.1,467440,existing_CODiS_export,2018,11,25
2018-11-26,0.0,467440,existing_CODiS_export,2018,11,26
2018-11-27,2.7,467440,existing_CODiS_export,2018,11,27
2018-11-28,0.7,467440,existing_CODiS_export,2018,11,28
2018-11-29,2.5,467440,existing_CODiS_export,2018,11,29
2018-11-30,4.7,467440,existing_CODiS_export,2018,11,30
2018-12-01,9.6,467440,existing_CODiS_export,2018,12,1
2018-12-02,9.4,467440,existing_CODiS_export,2018,12,2
2018-12-03,9.7,467440,existing_CODiS_export,2018,12,3
2018-12-04,9.5,467440,existing_CODiS_export,2018,12,4
2018-12-05,5.7,467440,existing_CODiS_export,2018,12,5
2018-12-06,5.9,467440,existing_CODiS_export,2018,12,6
2018-12-07,6.1,467440,existing_CODiS_export,2018,12,7
2018-12-08,2.5,467440,existing_CODiS_export,2018,12,8
2018-12-09,6.7,467440,existing_CODiS_export,2018,12,9
2018-12-10,7.3,467440,existing_CODiS_export,2018,12,10
2018-12-11,7.5,467440,existing_CODiS_export,2018,12,11
2018-12-12,2.4,467440,existing_CODiS_export,2018,12,12
2018-12-13,7.5,467440,existing_CODiS_export,2018,12,13
2018-12-14,8.8,467440,existing_CODiS_export,2018,12,14
2018-12-15,8.6,467440,existing_CODiS_export,2018,12,15
2018-12-16,7.5,467440,existing_CODiS_export,2018,12,16
2018-12-17,2.7,467440,existing_CODiS_export,2018,12,17
2018-12-18,8.3,467440,existing_CODiS_export,2018,12,18
2018-12-19,6.8,467440,existing_CODiS_export,2018,12,19
2018-12-20,9.3,467440,existing_CODiS_export,2018,12,20
2018-12-21,8.3,467440,existing_CODiS_export,2018,12,21
2018-12-22,3.1,467440,existing_CODiS_export,2018,12,22
2018-12-23,1.9,467440,existing_CODiS_export,2018,12,23
2018-12-24,6.2,467440,existing_CODiS_export,2018,12,24
2018-12-25,7.5,467440,existing_CODiS_export,2018,12,25
2018-12-26,8.3,467440,existing_CODiS_export,2018,12,26
2018-12-27,6.0,467440,existing_CODiS_export,2018,12,27
2018-12-28,5.5,467440,existing_CODiS_export,2018,12,28
2018-12-29,7.4,467440,existing_CODiS_export,2018,12,29
2018-12-30,4.1,467440,existing_CODiS_export,2018,12,30
2018-12-31,0.3,467440,existing_CODiS_export,2018,12,31
2019-01-01,0.0,467440,existing_CODiS_export,2019,1,1
2019-01-02,0.0,467440,existing_CODiS_export,2019,1,2
2019-01-03,2.7,467440,existing_CODiS_export,2019,1,3
2019-01-04,2.9,467440,existing_CODiS_export,2019,1,4
2019-01-05,7.0,467440,existing_CODiS_export,2019,1,5
2019-01-06,4.7,467440,existing_CODiS_export,2019,1,6
2019-01-07,7.9,467440,existing_CODiS_export,2019,1,7
2019-01-08,5.3,467440,existing_CODiS_export,2019,1,8
2019-01-09,8.9,467440,existing_CODiS_export,2019,1,9
2019-01-10,6.3,467440,existing_CODiS_export,2019,1,10
2019-01-11,9.2,467440,existing_CODiS_export,2019,1,11
2019-01-12,3.4,467440,existing_CODiS_export,2019,1,12
2019-01-13,3.5,467440,existing_CODiS_export,2019,1,13
2019-01-14,7.1,467440,existing_CODiS_export,2019,1,14
2019-01-15,2.8,467440,existing_CODiS_export,2019,1,15
2019-01-16,0.0,467440,existing_CODiS_export,2019,1,16
2019-01-17,5.1,467440,existing_CODiS_export,2019,1,17
2019-01-18,8.2,467440,existing_CODiS_export,2019,1,18
2019-01-19,0.0,467440,existing_CODiS_export,2019,1,19
2019-01-20,2.8,467440,existing_CODiS_export,2019,1,20
2019-01-21,1.0,467440,existing_CODiS_export,2019,1,21
2019-01-22,8.6,467440,existing_CODiS_export,2019,1,22
2019-01-23,3.6,467440,existing_CODiS_export,2019,1,23
2019-01-24,9.6,467440,existing_CODiS_export,2019,1,24
2019-01-25,8.8,467440,existing_CODiS_export,2019,1,25
2019-01-26,0.7,467440,existing_CODiS_export,2019,1,26
2019-01-27,2.4,467440,existing_CODiS_export,2019,1,27
2019-01-28,9.0,467440,existing_CODiS_export,2019,1,28
2019-01-29,8.4,467440,existing_CODiS_export,2019,1,29
2019-01-30,7.9,467440,existing_CODiS_export,2019,1,30
2019-01-31,6.7,467440,existing_CODiS_export,2019,1,31
2019-02-01,6.7,467440,existing_CODiS_export,2019,2,1
2019-02-02,9.5,467440,existing_CODiS_export,2019,2,2
2019-02-03,7.0,467440,existing_CODiS_export,2019,2,3
2019-02-04,2.3,467440,existing_CODiS_export,2019,2,4
2019-02-05,2.2,467440,existing_CODiS_export,2019,2,5
2019-02-06,8.1,467440,existing_CODiS_export,2019,2,6
2019-02-07,10.1,467440,existing_CODiS_export,2019,2,7
2019-02-08,9.9,467440,existing_CODiS_export,2019,2,8
2019-02-09,9.6,467440,existing_CODiS_export,2019,2,9
2019-02-10,7.2,467440,existing_CODiS_export,2019,2,10
2019-02-11,7.0,467440,existing_CODiS_export,2019,2,11
2019-02-12,5.2,467440,existing_CODiS_export,2019,2,12
2019-02-13,9.5,467440,existing_CODiS_export,2019,2,13
2019-02-14,9.8,467440,existing_CODiS_export,2019,2,14
2019-02-15,9.8,467440,existing_CODiS_export,2019,2,15
2019-02-16,8.7,467440,existing_CODiS_export,2019,2,16
2019-02-17,8.2,467440,existing_CODiS_export,2019,2,17
2019-02-18,8.5,467440,existing_CODiS_export,2019,2,18
2019-02-19,8.5,467440,existing_CODiS_export,2019,2,19
2019-02-20,9.8,467440,existing_CODiS_export,2019,2,20
2019-02-21,7.7,467440,existing_CODiS_export,2019,2,21
2019-02-22,9.6,467440,existing_CODiS_export,2019,2,22
2019-02-23,6.1,467440,existing_CODiS_export,2019,2,23
2019-02-24,2.6,467440,existing_CODiS_export,2019,2,24
2019-02-25,9.4,467440,existing_CODiS_export,2019,2,25
2019-02-26,9.3,467440,existing_CODiS_export,2019,2,26
2019-02-27,9.7,467440,existing_CODiS_export,2019,2,27
2019-02-28,9.1,467440,existing_CODiS_export,2019,2,28
2019-03-01,8.9,467440,existing_CODiS_export,2019,3,1
2019-03-02,9.8,467440,existing_CODiS_export,2019,3,2
2019-03-03,3.8,467440,existing_CODiS_export,2019,3,3
2019-03-04,9.8,467440,existing_CODiS_export,2019,3,4
2019-03-05,2.2,467440,existing_CODiS_export,2019,3,5
2019-03-06,5.4,467440,existing_CODiS_export,2019,3,6
2019-03-07,0.0,467440,existing_CODiS_export,2019,3,7
2019-03-08,3.7,467440,existing_CODiS_export,2019,3,8
2019-03-09,1.4,467440,existing_CODiS_export,2019,3,9
2019-03-10,4.2,467440,existing_CODiS_export,2019,3,10
2019-03-11,1.8,467440,existing_CODiS_export,2019,3,11
2019-03-12,10.5,467440,existing_CODiS_export,2019,3,12
2019-03-13,5.7,467440,existing_CODiS_export,2019,3,13
2019-03-14,8.1,467440,existing_CODiS_export,2019,3,14
2019-03-15,0.9,467440,existing_CODiS_export,2019,3,15
2019-03-16,5.8,467440,existing_CODiS_export,2019,3,16
2019-03-17,10.0,467440,existing_CODiS_export,2019,3,17
2019-03-18,9.8,467440,existing_CODiS_export,2019,3,18
2019-03-19,10.1,467440,existing_CODiS_export,2019,3,19
2019-03-20,10.4,467440,existing_CODiS_export,2019,3,20
2019-03-21,11.3,467440,existing_CODiS_export,2019,3,21
2019-03-22,11.3,467440,existing_CODiS_export,2019,3,22
2019-03-23,0.0,467440,existing_CODiS_export,2019,3,23
2019-03-24,0.0,467440,existing_CODiS_export,2019,3,24
2019-03-25,7.5,467440,existing_CODiS_export,2019,3,25
2019-03-26,9.8,467440,existing_CODiS_export,2019,3,26
2019-03-27,10.6,467440,existing_CODiS_export,2019,3,27
2019-03-28,9.9,467440,existing_CODiS_export,2019,3,28
2019-03-29,10.4,467440,existing_CODiS_export,2019,3,29
2019-03-30,5.9,467440,existing_CODiS_export,2019,3,30
2019-03-31,7.1,467440,existing_CODiS_export,2019,3,31
2019-04-01,3.2,467440,existing_CODiS_export,2019,4,1
2019-04-02,9.7,467440,existing_CODiS_export,2019,4,2
2019-04-03,10.9,467440,existing_CODiS_export,2019,4,3
2019-04-04,5.1,467440,existing_CODiS_export,2019,4,4
2019-04-05,10.1,467440,existing_CODiS_export,2019,4,5
2019-04-06,10.6,467440,existing_CODiS_export,2019,4,6
2019-04-07,10.6,467440,existing_CODiS_export,2019,4,7
2019-04-08,10.2,467440,existing_CODiS_export,2019,4,8
2019-04-09,11.2,467440,existing_CODiS_export,2019,4,9
2019-04-10,11.2,467440,existing_CODiS_export,2019,4,10
2019-04-11,11.2,467440,existing_CODiS_export,2019,4,11
2019-04-12,8.6,467440,existing_CODiS_export,2019,4,12
2019-04-13,7.3,467440,existing_CODiS_export,2019,4,13
2019-04-14,5.5,467440,existing_CODiS_export,2019,4,14
2019-04-15,0.6,467440,existing_CODiS_export,2019,4,15
2019-04-16,0.0,467440,existing_CODiS_export,2019,4,16
2019-04-17,9.2,467440,existing_CODiS_export,2019,4,17
2019-04-18,8.8,467440,existing_CODiS_export,2019,4,18
2019-04-19,2.7,467440,existing_CODiS_export,2019,4,19
2019-04-20,6.1,467440,existing_CODiS_export,2019,4,20
2019-04-21,1.2,467440,existing_CODiS_export,2019,4,21
2019-04-22,10.0,467440,existing_CODiS_export,2019,4,22
2019-04-23,10.9,467440,existing_CODiS_export,2019,4,23
2019-04-24,11.9,467440,existing_CODiS_export,2019,4,24
2019-04-25,11.1,467440,existing_CODiS_export,2019,4,25
2019-04-26,11.1,467440,existing_CODiS_export,2019,4,26
2019-04-27,0.9,467440,existing_CODiS_export,2019,4,27
2019-04-28,6.3,467440,existing_CODiS_export,2019,4,28
2019-04-29,11.9,467440,existing_CODiS_export,2019,4,29
2019-04-30,9.4,467440,existing_CODiS_export,2019,4,30
2019-05-01,0.4,467440,existing_CODiS_export,2019,5,1
2019-05-02,0.5,467440,existing_CODiS_export,2019,5,2
2019-05-03,2.7,467440,existing_CODiS_export,2019,5,3
2019-05-04,0.2,467440,existing_CODiS_export,2019,5,4
2019-05-05,1.2,467440,existing_CODiS_export,2019,5,5
2019-05-06,0.0,467440,existing_CODiS_export,2019,5,6
2019-05-07,0.0,467440,existing_CODiS_export,2019,5,7
2019-05-08,0.1,467440,existing_CODiS_export,2019,5,8
2019-05-09,1.7,467440,existing_CODiS_export,2019,5,9
2019-05-10,4.4,467440,existing_CODiS_export,2019,5,10
2019-05-11,7.5,467440,existing_CODiS_export,2019,5,11
2019-05-12,6.6,467440,existing_CODiS_export,2019,5,12
2019-05-13,12.2,467440,existing_CODiS_export,2019,5,13
2019-05-14,12.2,467440,existing_CODiS_export,2019,5,14
2019-05-15,4.2,467440,existing_CODiS_export,2019,5,15
2019-05-16,10.2,467440,existing_CODiS_export,2019,5,16
2019-05-17,7.3,467440,existing_CODiS_export,2019,5,17
2019-05-18,7.1,467440,existing_CODiS_export,2019,5,18
2019-05-19,10.3,467440,existing_CODiS_export,2019,5,19
2019-05-20,3.8,467440,existing_CODiS_export,2019,5,20
2019-05-21,0.0,467440,existing_CODiS_export,2019,5,21
2019-05-22,3.5,467440,existing_CODiS_export,2019,5,22
2019-05-23,2.5,467440,existing_CODiS_export,2019,5,23
2019-05-24,2.2,467440,existing_CODiS_export,2019,5,24
2019-05-25,8.8,467440,existing_CODiS_export,2019,5,25
2019-05-26,4.5,467440,existing_CODiS_export,2019,5,26
2019-05-27,1.0,467440,existing_CODiS_export,2019,5,27
2019-05-28,6.8,467440,existing_CODiS_export,2019,5,28
2019-05-29,5.5,467440,existing_CODiS_export,2019,5,29
2019-05-30,8.9,467440,existing_CODiS_export,2019,5,30
2019-05-31,7.1,467440,existing_CODiS_export,2019,5,31
2019-06-01,7.9,467440,existing_CODiS_export,2019,6,1
2019-06-02,10.0,467440,existing_CODiS_export,2019,6,2
2019-06-03,11.0,467440,existing_CODiS_export,2019,6,3
2019-06-04,0.6,467440,existing_CODiS_export,2019,6,4
2019-06-05,7.1,467440,existing_CODiS_export,2019,6,5
2019-06-06,12.5,467440,existing_CODiS_export,2019,6,6
2019-06-07,11.0,467440,existing_CODiS_export,2019,6,7
2019-06-08,11.8,467440,existing_CODiS_export,2019,6,8
2019-06-09,8.6,467440,existing_CODiS_export,2019,6,9
2019-06-10,6.1,467440,existing_CODiS_export,2019,6,10
2019-06-11,1.4,467440,existing_CODiS_export,2019,6,11
2019-06-12,0.4,467440,existing_CODiS_export,2019,6,12
2019-06-13,5.7,467440,existing_CODiS_export,2019,6,13
2019-06-14,1.9,467440,existing_CODiS_export,2019,6,14
2019-06-15,7.4,467440,existing_CODiS_export,2019,6,15
2019-06-16,3.4,467440,existing_CODiS_export,2019,6,16
2019-06-17,7.2,467440,existing_CODiS_export,2019,6,17
2019-06-18,9.4,467440,existing_CODiS_export,2019,6,18
2019-06-19,12.3,467440,existing_CODiS_export,2019,6,19
2019-06-20,12.0,467440,existing_CODiS_export,2019,6,20
2019-06-21,12.1,467440,existing_CODiS_export,2019,6,21
2019-06-22,8.1,467440,existing_CODiS_export,2019,6,22
2019-06-23,0.9,467440,existing_CODiS_export,2019,6,23
2019-06-24,1.5,467440,existing_CODiS_export,2019,6,24
2019-06-25,1.3,467440,existing_CODiS_export,2019,6,25
2019-06-26,0.1,467440,existing_CODiS_export,2019,6,26
2019-06-27,1.5,467440,existing_CODiS_export,2019,6,27
2019-06-28,12.2,467440,existing_CODiS_export,2019,6,28
2019-06-29,5.9,467440,existing_CODiS_export,2019,6,29
2019-06-30,9.8,467440,existing_CODiS_export,2019,6,30
2019-07-01,7.0,467440,existing_CODiS_export,2019,7,1
2019-07-02,0.5,467440,existing_CODiS_export,2019,7,2
2019-07-03,1.2,467440,existing_CODiS_export,2019,7,3
2019-07-04,4.6,467440,existing_CODiS_export,2019,7,4
2019-07-05,0.0,467440,existing_CODiS_export,2019,7,5
2019-07-06,5.5,467440,existing_CODiS_export,2019,7,6
2019-07-07,4.2,467440,existing_CODiS_export,2019,7,7
2019-07-08,1.5,467440,existing_CODiS_export,2019,7,8
2019-07-09,1.2,467440,existing_CODiS_export,2019,7,9
2019-07-10,4.3,467440,existing_CODiS_export,2019,7,10
2019-07-11,0.5,467440,existing_CODiS_export,2019,7,11
2019-07-12,11.8,467440,existing_CODiS_export,2019,7,12
2019-07-13,8.5,467440,existing_CODiS_export,2019,7,13
2019-07-14,11.1,467440,existing_CODiS_export,2019,7,14
2019-07-15,10.7,467440,existing_CODiS_export,2019,7,15
2019-07-16,6.8,467440,existing_CODiS_export,2019,7,16
2019-07-17,9.6,467440,existing_CODiS_export,2019,7,17
2019-07-18,1.3,467440,existing_CODiS_export,2019,7,18
2019-07-19,0.1,467440,existing_CODiS_export,2019,7,19
2019-07-20,0.0,467440,existing_CODiS_export,2019,7,20
2019-07-21,0.5,467440,existing_CODiS_export,2019,7,21
2019-07-22,3.0,467440,existing_CODiS_export,2019,7,22
2019-07-23,7.8,467440,existing_CODiS_export,2019,7,23
2019-07-24,10.0,467440,existing_CODiS_export,2019,7,24
2019-07-25,10.8,467440,existing_CODiS_export,2019,7,25
2019-07-26,8.0,467440,existing_CODiS_export,2019,7,26
2019-07-27,2.9,467440,existing_CODiS_export,2019,7,27
2019-07-28,6.2,467440,existing_CODiS_export,2019,7,28
2019-07-29,11.3,467440,existing_CODiS_export,2019,7,29
2019-07-30,10.4,467440,existing_CODiS_export,2019,7,30
2019-07-31,8.9,467440,existing_CODiS_export,2019,7,31
2019-08-01,0.0,467440,existing_CODiS_export,2019,8,1
2019-08-02,2.4,467440,existing_CODiS_export,2019,8,2
2019-08-03,7.7,467440,existing_CODiS_export,2019,8,3
2019-08-04,10.1,467440,existing_CODiS_export,2019,8,4
2019-08-05,5.7,467440,existing_CODiS_export,2019,8,5
2019-08-06,6.9,467440,existing_CODiS_export,2019,8,6
2019-08-07,7.3,467440,existing_CODiS_export,2019,8,7
2019-08-08,6.0,467440,existing_CODiS_export,2019,8,8
2019-08-09,2.1,467440,existing_CODiS_export,2019,8,9
2019-08-10,0.9,467440,existing_CODiS_export,2019,8,10
2019-08-11,4.9,467440,existing_CODiS_export,2019,8,11
2019-08-12,1.4,467440,existing_CODiS_export,2019,8,12
2019-08-13,2.0,467440,existing_CODiS_export,2019,8,13
2019-08-14,4.5,467440,existing_CODiS_export,2019,8,14
2019-08-15,4.7,467440,existing_CODiS_export,2019,8,15
2019-08-16,0.0,467440,existing_CODiS_export,2019,8,16
2019-08-17,0.9,467440,existing_CODiS_export,2019,8,17
2019-08-18,0.0,467440,existing_CODiS_export,2019,8,18
2019-08-19,0.0,467440,existing_CODiS_export,2019,8,19
2019-08-20,0.1,467440,existing_CODiS_export,2019,8,20
2019-08-21,3.3,467440,existing_CODiS_export,2019,8,21
2019-08-22,7.3,467440,existing_CODiS_export,2019,8,22
2019-08-23,8.8,467440,existing_CODiS_export,2019,8,23
2019-08-24,0.0,467440,existing_CODiS_export,2019,8,24
2019-08-25,0.0,467440,existing_CODiS_export,2019,8,25
2019-08-26,11.2,467440,existing_CODiS_export,2019,8,26
2019-08-27,10.3,467440,existing_CODiS_export,2019,8,27
2019-08-28,8.8,467440,existing_CODiS_export,2019,8,28
2019-08-29,0.5,467440,existing_CODiS_export,2019,8,29
2019-08-30,0.7,467440,existing_CODiS_export,2019,8,30
2019-08-31,11.1,467440,existing_CODiS_export,2019,8,31
2019-09-01,4.7,467440,existing_CODiS_export,2019,9,1
2019-09-02,9.5,467440,existing_CODiS_export,2019,9,2
2019-09-03,6.7,467440,existing_CODiS_export,2019,9,3
2019-09-04,0.1,467440,existing_CODiS_export,2019,9,4
2019-09-05,6.3,467440,existing_CODiS_export,2019,9,5
2019-09-06,4.1,467440,existing_CODiS_export,2019,9,6
2019-09-07,6.1,467440,existing_CODiS_export,2019,9,7
2019-09-08,10.2,467440,existing_CODiS_export,2019,9,8
2019-09-09,8.8,467440,existing_CODiS_export,2019,9,9
2019-09-10,0.8,467440,existing_CODiS_export,2019,9,10
2019-09-11,11.4,467440,existing_CODiS_export,2019,9,11
2019-09-12,10.5,467440,existing_CODiS_export,2019,9,12
2019-09-13,9.8,467440,existing_CODiS_export,2019,9,13
2019-09-14,7.9,467440,existing_CODiS_export,2019,9,14
2019-09-15,6.2,467440,existing_CODiS_export,2019,9,15
2019-09-16,0.3,467440,existing_CODiS_export,2019,9,16
2019-09-17,9.1,467440,existing_CODiS_export,2019,9,17
2019-09-18,3.7,467440,existing_CODiS_export,2019,9,18
2019-09-19,0.0,467440,existing_CODiS_export,2019,9,19
2019-09-20,10.6,467440,existing_CODiS_export,2019,9,20
2019-09-21,8.4,467440,existing_CODiS_export,2019,9,21
2019-09-22,5.4,467440,existing_CODiS_export,2019,9,22
2019-09-23,3.6,467440,existing_CODiS_export,2019,9,23
2019-09-24,9.1,467440,existing_CODiS_export,2019,9,24
2019-09-25,9.3,467440,existing_CODiS_export,2019,9,25
2019-09-26,10.1,467440,existing_CODiS_export,2019,9,26
2019-09-27,4.9,467440,existing_CODiS_export,2019,9,27
2019-09-28,10.4,467440,existing_CODiS_export,2019,9,28
2019-09-29,9.6,467440,existing_CODiS_export,2019,9,29
2019-09-30,1.3,467440,existing_CODiS_export,2019,9,30
2019-10-01,10.2,467440,existing_CODiS_export,2019,10,1
2019-10-02,9.9,467440,existing_CODiS_export,2019,10,2
2019-10-03,7.3,467440,existing_CODiS_export,2019,10,3
2019-10-04,7.7,467440,existing_CODiS_export,2019,10,4
2019-10-05,0.6,467440,existing_CODiS_export,2019,10,5
2019-10-06,2.7,467440,existing_CODiS_export,2019,10,6
2019-10-07,8.3,467440,existing_CODiS_export,2019,10,7
2019-10-08,7.8,467440,existing_CODiS_export,2019,10,8
2019-10-09,5.9,467440,existing_CODiS_export,2019,10,9
2019-10-10,8.1,467440,existing_CODiS_export,2019,10,10
2019-10-11,7.9,467440,existing_CODiS_export,2019,10,11
2019-10-12,7.3,467440,existing_CODiS_export,2019,10,12
2019-10-13,7.5,467440,existing_CODiS_export,2019,10,13
2019-10-14,8.7,467440,existing_CODiS_export,2019,10,14
2019-10-15,8.4,467440,existing_CODiS_export,2019,10,15
2019-10-16,8.7,467440,existing_CODiS_export,2019,10,16
2019-10-17,9.1,467440,existing_CODiS_export,2019,10,17
2019-10-18,8.1,467440,existing_CODiS_export,2019,10,18
2019-10-19,8.3,467440,existing_CODiS_export,2019,10,19
2019-10-20,9.2,467440,existing_CODiS_export,2019,10,20
2019-10-21,9.9,467440,existing_CODiS_export,2019,10,21
2019-10-22,5.7,467440,existing_CODiS_export,2019,10,22
2019-10-23,7.8,467440,existing_CODiS_export,2019,10,23
2019-10-24,2.2,467440,existing_CODiS_export,2019,10,24
2019-10-25,8.3,467440,existing_CODiS_export,2019,10,25
2019-10-26,6.7,467440,existing_CODiS_export,2019,10,26
2019-10-27,7.3,467440,existing_CODiS_export,2019,10,27
2019-10-28,9.3,467440,existing_CODiS_export,2019,10,28
2019-10-29,7.7,467440,existing_CODiS_export,2019,10,29
2019-10-30,8.0,467440,existing_CODiS_export,2019,10,30
2019-10-31,8.1,467440,existing_CODiS_export,2019,10,31
2019-11-01,5.3,467440,existing_CODiS_export,2019,11,1
2019-11-02,8.9,467440,existing_CODiS_export,2019,11,2
2019-11-03,8.2,467440,existing_CODiS_export,2019,11,3
2019-11-04,0.0,467440,existing_CODiS_export,2019,11,4
2019-11-05,8.2,467440,existing_CODiS_export,2019,11,5
2019-11-06,4.8,467440,existing_CODiS_export,2019,11,6
2019-11-07,1.3,467440,existing_CODiS_export,2019,11,7
2019-11-08,9.2,467440,existing_CODiS_export,2019,11,8
2019-11-09,9.7,467440,existing_CODiS_export,2019,11,9
2019-11-10,8.8,467440,existing_CODiS_export,2019,11,10
2019-11-11,9.9,467440,existing_CODiS_export,2019,11,11
2019-11-12,9.5,467440,existing_CODiS_export,2019,11,12
2019-11-13,9.0,467440,existing_CODiS_export,2019,11,13
2019-11-14,8.2,467440,existing_CODiS_export,2019,11,14
2019-11-15,9.3,467440,existing_CODiS_export,2019,11,15
2019-11-16,8.9,467440,existing_CODiS_export,2019,11,16
2019-11-17,9.7,467440,existing_CODiS_export,2019,11,17
2019-11-18,8.8,467440,existing_CODiS_export,2019,11,18
2019-11-19,0.4,467440,existing_CODiS_export,2019,11,19
2019-11-20,0.8,467440,existing_CODiS_export,2019,11,20
2019-11-21,7.2,467440,existing_CODiS_export,2019,11,21
2019-11-22,9.9,467440,existing_CODiS_export,2019,11,22
2019-11-23,7.6,467440,existing_CODiS_export,2019,11,23
2019-11-24,7.3,467440,existing_CODiS_export,2019,11,24
2019-11-25,8.4,467440,existing_CODiS_export,2019,11,25
2019-11-26,7.4,467440,existing_CODiS_export,2019,11,26
2019-11-27,6.9,467440,existing_CODiS_export,2019,11,27
2019-11-28,4.1,467440,existing_CODiS_export,2019,11,28
2019-11-29,9.6,467440,existing_CODiS_export,2019,11,29
2019-11-30,7.9,467440,existing_CODiS_export,2019,11,30
2019-12-01,8.9,467440,existing_CODiS_export,2019,12,1
2019-12-02,8.6,467440,existing_CODiS_export,2019,12,2
2019-12-03,3.5,467440,existing_CODiS_export,2019,12,3
2019-12-04,0.0,467440,existing_CODiS_export,2019,12,4
2019-12-05,0.0,467440,existing_CODiS_export,2019,12,5
2019-12-06,0.0,467440,existing_CODiS_export,2019,12,6
2019-12-07,0.2,467440,existing_CODiS_export,2019,12,7
2019-12-08,9.4,467440,existing_CODiS_export,2019,12,8
2019-12-09,9.2,467440,existing_CODiS_export,2019,12,9
2019-12-10,7.8,467440,existing_CODiS_export,2019,12,10
2019-12-11,8.7,467440,existing_CODiS_export,2019,12,11
2019-12-12,7.7,467440,existing_CODiS_export,2019,12,12
2019-12-13,9.5,467440,existing_CODiS_export,2019,12,13
2019-12-14,9.2,467440,existing_CODiS_export,2019,12,14
2019-12-15,8.9,467440,existing_CODiS_export,2019,12,15
2019-12-16,9.1,467440,existing_CODiS_export,2019,12,16
2019-12-17,9.0,467440,existing_CODiS_export,2019,12,17
2019-12-18,7.0,467440,existing_CODiS_export,2019,12,18
2019-12-19,5.2,467440,existing_CODiS_export,2019,12,19
2019-12-20,1.2,467440,existing_CODiS_export,2019,12,20
2019-12-21,8.4,467440,existing_CODiS_export,2019,12,21
2019-12-22,9.4,467440,existing_CODiS_export,2019,12,22
2019-12-23,9.3,467440,existing_CODiS_export,2019,12,23
2019-12-24,9.0,467440,existing_CODiS_export,2019,12,24
2019-12-25,4.9,467440,existing_CODiS_export,2019,12,25
2019-12-26,4.8,467440,existing_CODiS_export,2019,12,26
2019-12-27,0.0,467440,existing_CODiS_export,2019,12,27
2019-12-28,0.6,467440,existing_CODiS_export,2019,12,28
2019-12-29,0.3,467440,existing_CODiS_export,2019,12,29
2019-12-30,0.8,467440,existing_CODiS_export,2019,12,30
2019-12-31,0.4,467440,existing_CODiS_export,2019,12,31
2020-01-01,4.8,467440,existing_CODiS_export,2020,1,1
2020-01-02,8.8,467440,existing_CODiS_export,2020,1,2
2020-01-03,8.7,467440,existing_CODiS_export,2020,1,3
2020-01-04,9.0,467440,existing_CODiS_export,2020,1,4
2020-01-05,8.9,467440,existing_CODiS_export,2020,1,5
2020-01-06,6.9,467440,existing_CODiS_export,2020,1,6
2020-01-07,8.2,467440,existing_CODiS_export,2020,1,7
2020-01-08,9.5,467440,existing_CODiS_export,2020,1,8
2020-01-09,5.9,467440,existing_CODiS_export,2020,1,9
2020-01-10,7.3,467440,existing_CODiS_export,2020,1,10
2020-01-11,9.5,467440,existing_CODiS_export,2020,1,11
2020-01-12,8.3,467440,existing_CODiS_export,2020,1,12
2020-01-13,9.1,467440,existing_CODiS_export,2020,1,13
2020-01-14,8.3,467440,existing_CODiS_export,2020,1,14
2020-01-15,7.2,467440,existing_CODiS_export,2020,1,15
2020-01-16,9.6,467440,existing_CODiS_export,2020,1,16
2020-01-17,9.8,467440,existing_CODiS_export,2020,1,17
2020-01-18,7.8,467440,existing_CODiS_export,2020,1,18
2020-01-19,9.7,467440,existing_CODiS_export,2020,1,19
2020-01-20,9.6,467440,existing_CODiS_export,2020,1,20
2020-01-21,5.7,467440,existing_CODiS_export,2020,1,21
2020-01-22,6.2,467440,existing_CODiS_export,2020,1,22
2020-01-23,8.3,467440,existing_CODiS_export,2020,1,23
2020-01-24,6.8,467440,existing_CODiS_export,2020,1,24
2020-01-25,2.1,467440,existing_CODiS_export,2020,1,25
2020-01-26,4.3,467440,existing_CODiS_export,2020,1,26
2020-01-27,5.2,467440,existing_CODiS_export,2020,1,27
2020-01-28,0.0,467440,existing_CODiS_export,2020,1,28
2020-01-29,2.8,467440,existing_CODiS_export,2020,1,29
2020-01-30,9.9,467440,existing_CODiS_export,2020,1,30
2020-01-31,9.8,467440,existing_CODiS_export,2020,1,31
2020-02-01,9.8,467440,existing_CODiS_export,2020,2,1
2020-02-02,9.4,467440,existing_CODiS_export,2020,2,2
2020-02-03,9.6,467440,existing_CODiS_export,2020,2,3
2020-02-04,7.2,467440,existing_CODiS_export,2020,2,4
2020-02-05,7.1,467440,existing_CODiS_export,2020,2,5
2020-02-06,8.4,467440,existing_CODiS_export,2020,2,6
2020-02-07,9.7,467440,existing_CODiS_export,2020,2,7
2020-02-08,9.5,467440,existing_CODiS_export,2020,2,8
2020-02-09,8.9,467440,existing_CODiS_export,2020,2,9
2020-02-10,8.9,467440,existing_CODiS_export,2020,2,10
2020-02-11,0.0,467440,existing_CODiS_export,2020,2,11
2020-02-12,8.4,467440,existing_CODiS_export,2020,2,12
2020-02-13,5.5,467440,existing_CODiS_export,2020,2,13
2020-02-14,8.8,467440,existing_CODiS_export,2020,2,14
2020-02-15,9.9,467440,existing_CODiS_export,2020,2,15
2020-02-16,7.0,467440,existing_CODiS_export,2020,2,16
2020-02-17,0.0,467440,existing_CODiS_export,2020,2,17
2020-02-18,3.4,467440,existing_CODiS_export,2020,2,18
2020-02-19,10.3,467440,existing_CODiS_export,2020,2,19
2020-02-20,9.2,467440,existing_CODiS_export,2020,2,20
2020-02-21,10.2,467440,existing_CODiS_export,2020,2,21
2020-02-22,8.8,467440,existing_CODiS_export,2020,2,22
2020-02-23,4.9,467440,existing_CODiS_export,2020,2,23
2020-02-24,7.7,467440,existing_CODiS_export,2020,2,24
2020-02-25,10.4,467440,existing_CODiS_export,2020,2,25
2020-02-26,10.3,467440,existing_CODiS_export,2020,2,26
2020-02-27,2.4,467440,existing_CODiS_export,2020,2,27
2020-02-28,7.8,467440,existing_CODiS_export,2020,2,28
2020-02-29,5.2,467440,existing_CODiS_export,2020,2,29
2020-03-01,10.9,467440,existing_CODiS_export,2020,3,1
2020-03-02,4.8,467440,existing_CODiS_export,2020,3,2
2020-03-03,9.9,467440,existing_CODiS_export,2020,3,3
2020-03-04,3.8,467440,existing_CODiS_export,2020,3,4
2020-03-05,2.7,467440,existing_CODiS_export,2020,3,5
2020-03-06,5.5,467440,existing_CODiS_export,2020,3,6
2020-03-07,6.6,467440,existing_CODiS_export,2020,3,7
2020-03-08,10.1,467440,existing_CODiS_export,2020,3,8
2020-03-09,7.2,467440,existing_CODiS_export,2020,3,9
2020-03-10,0.5,467440,existing_CODiS_export,2020,3,10
2020-03-11,0.7,467440,existing_CODiS_export,2020,3,11
2020-03-12,8.0,467440,existing_CODiS_export,2020,3,12
2020-03-13,9.4,467440,existing_CODiS_export,2020,3,13
2020-03-14,0.0,467440,existing_CODiS_export,2020,3,14
2020-03-15,9.1,467440,existing_CODiS_export,2020,3,15
2020-03-16,8.8,467440,existing_CODiS_export,2020,3,16
2020-03-17,9.6,467440,existing_CODiS_export,2020,3,17
2020-03-18,5.3,467440,existing_CODiS_export,2020,3,18
2020-03-19,6.0,467440,existing_CODiS_export,2020,3,19
2020-03-20,9.7,467440,existing_CODiS_export,2020,3,20
2020-03-21,8.6,467440,existing_CODiS_export,2020,3,21
2020-03-22,9.5,467440,existing_CODiS_export,2020,3,22
2020-03-23,11.0,467440,existing_CODiS_export,2020,3,23
2020-03-24,1.0,467440,existing_CODiS_export,2020,3,24
2020-03-25,10.7,467440,existing_CODiS_export,2020,3,25
2020-03-26,11.1,467440,existing_CODiS_export,2020,3,26
2020-03-27,10.3,467440,existing_CODiS_export,2020,3,27
2020-03-28,8.6,467440,existing_CODiS_export,2020,3,28
2020-03-29,10.7,467440,existing_CODiS_export,2020,3,29
2020-03-30,10.4,467440,existing_CODiS_export,2020,3,30
2020-03-31,7.3,467440,existing_CODiS_export,2020,3,31
2020-04-01,3.1,467440,existing_CODiS_export,2020,4,1
2020-04-02,1.9,467440,existing_CODiS_export,2020,4,2
2020-04-03,9.4,467440,existing_CODiS_export,2020,4,3
2020-04-04,9.1,467440,existing_CODiS_export,2020,4,4
2020-04-05,4.0,467440,existing_CODiS_export,2020,4,5
2020-04-06,0.0,467440,existing_CODiS_export,2020,4,6
2020-04-07,6.6,467440,existing_CODiS_export,2020,4,7
2020-04-08,4.5,467440,existing_CODiS_export,2020,4,8
2020-04-09,10.5,467440,existing_CODiS_export,2020,4,9
2020-04-10,10.4,467440,existing_CODiS_export,2020,4,10
2020-04-11,7.0,467440,existing_CODiS_export,2020,4,11
2020-04-12,5.8,467440,existing_CODiS_export,2020,4,12
2020-04-13,11.7,467440,existing_CODiS_export,2020,4,13
2020-04-14,8.0,467440,existing_CODiS_export,2020,4,14
2020-04-15,10.7,467440,existing_CODiS_export,2020,4,15
2020-04-16,11.4,467440,existing_CODiS_export,2020,4,16
2020-04-17,11.5,467440,existing_CODiS_export,2020,4,17
2020-04-18,11.2,467440,existing_CODiS_export,2020,4,18
2020-04-19,5.6,467440,existing_CODiS_export,2020,4,19
2020-04-20,11.2,467440,existing_CODiS_export,2020,4,20
2020-04-21,10.1,467440,existing_CODiS_export,2020,4,21
2020-04-22,8.0,467440,existing_CODiS_export,2020,4,22
2020-04-23,0.9,467440,existing_CODiS_export,2020,4,23
2020-04-24,0.3,467440,existing_CODiS_export,2020,4,24
2020-04-25,7.6,467440,existing_CODiS_export,2020,4,25
2020-04-26,7.0,467440,existing_CODiS_export,2020,4,26
2020-04-27,6.1,467440,existing_CODiS_export,2020,4,27
2020-04-28,5.8,467440,existing_CODiS_export,2020,4,28
2020-04-29,10.6,467440,existing_CODiS_export,2020,4,29
2020-04-30,8.3,467440,existing_CODiS_export,2020,4,30
2020-05-01,6.6,467440,existing_CODiS_export,2020,5,1
2020-05-02,10.1,467440,existing_CODiS_export,2020,5,2
2020-05-03,10.2,467440,existing_CODiS_export,2020,5,3
2020-05-04,12.0,467440,existing_CODiS_export,2020,5,4
2020-05-05,10.2,467440,existing_CODiS_export,2020,5,5
2020-05-06,10.7,467440,existing_CODiS_export,2020,5,6
2020-05-07,10.8,467440,existing_CODiS_export,2020,5,7
2020-05-08,10.3,467440,existing_CODiS_export,2020,5,8
2020-05-09,9.1,467440,existing_CODiS_export,2020,5,9
2020-05-10,10.8,467440,existing_CODiS_export,2020,5,10
2020-05-11,9.3,467440,existing_CODiS_export,2020,5,11
2020-05-12,6.8,467440,existing_CODiS_export,2020,5,12
2020-05-13,8.0,467440,existing_CODiS_export,2020,5,13
2020-05-14,11.0,467440,existing_CODiS_export,2020,5,14
2020-05-15,11.8,467440,existing_CODiS_export,2020,5,15
2020-05-16,7.8,467440,existing_CODiS_export,2020,5,16
2020-05-17,10.4,467440,existing_CODiS_export,2020,5,17
2020-05-18,5.8,467440,existing_CODiS_export,2020,5,18
2020-05-19,0.0,467440,existing_CODiS_export,2020,5,19
2020-05-20,0.1,467440,existing_CODiS_export,2020,5,20
2020-05-21,0.0,467440,existing_CODiS_export,2020,5,21
2020-05-22,0.0,467440,existing_CODiS_export,2020,5,22
2020-05-23,0.0,467440,existing_CODiS_export,2020,5,23
2020-05-24,3.6,467440,existing_CODiS_export,2020,5,24
2020-05-25,5.9,467440,existing_CODiS_export,2020,5,25
2020-05-26,6.4,467440,existing_CODiS_export,2020,5,26
2020-05-27,1.3,467440,existing_CODiS_export,2020,5,27
2020-05-28,7.0,467440,existing_CODiS_export,2020,5,28
2020-05-29,3.3,467440,existing_CODiS_export,2020,5,29
2020-05-30,10.0,467440,existing_CODiS_export,2020,5,30
2020-05-31,11.7,467440,existing_CODiS_export,2020,5,31
2020-06-01,12.4,467440,existing_CODiS_export,2020,6,1
2020-06-02,11.3,467440,existing_CODiS_export,2020,6,2
2020-06-03,12.8,467440,existing_CODiS_export,2020,6,3
2020-06-04,12.3,467440,existing_CODiS_export,2020,6,4
2020-06-05,7.5,467440,existing_CODiS_export,2020,6,5
2020-06-06,6.8,467440,existing_CODiS_export,2020,6,6
2020-06-07,7.8,467440,existing_CODiS_export,2020,6,7
2020-06-08,0.6,467440,existing_CODiS_export,2020,6,8
2020-06-09,0.3,467440,existing_CODiS_export,2020,6,9
2020-06-10,12.0,467440,existing_CODiS_export,2020,6,10
2020-06-11,10.3,467440,existing_CODiS_export,2020,6,11
2020-06-12,9.9,467440,existing_CODiS_export,2020,6,12
2020-06-13,9.0,467440,existing_CODiS_export,2020,6,13
2020-06-14,9.8,467440,existing_CODiS_export,2020,6,14
2020-06-15,12.8,467440,existing_CODiS_export,2020,6,15
2020-06-16,12.1,467440,existing_CODiS_export,2020,6,16
2020-06-17,11.6,467440,existing_CODiS_export,2020,6,17
2020-06-18,12.5,467440,existing_CODiS_export,2020,6,18
2020-06-19,12.4,467440,existing_CODiS_export,2020,6,19
2020-06-20,11.7,467440,existing_CODiS_export,2020,6,20
2020-06-21,7.6,467440,existing_CODiS_export,2020,6,21
2020-06-22,10.5,467440,existing_CODiS_export,2020,6,22
2020-06-23,11.1,467440,existing_CODiS_export,2020,6,23
2020-06-24,10.2,467440,existing_CODiS_export,2020,6,24
2020-06-25,11.8,467440,existing_CODiS_export,2020,6,25
2020-06-26,4.3,467440,existing_CODiS_export,2020,6,26
2020-06-27,10.6,467440,existing_CODiS_export,2020,6,27
2020-06-28,11.4,467440,existing_CODiS_export,2020,6,28
2020-06-29,8.5,467440,existing_CODiS_export,2020,6,29
2020-06-30,5.7,467440,existing_CODiS_export,2020,6,30
2020-07-01,4.3,467440,existing_CODiS_export,2020,7,1
2020-07-02,6.3,467440,existing_CODiS_export,2020,7,2
2020-07-03,10.4,467440,existing_CODiS_export,2020,7,3
2020-07-04,10.2,467440,existing_CODiS_export,2020,7,4
2020-07-05,10.9,467440,existing_CODiS_export,2020,7,5
2020-07-06,10.6,467440,existing_CODiS_export,2020,7,6
2020-07-07,9.9,467440,existing_CODiS_export,2020,7,7
2020-07-08,9.6,467440,existing_CODiS_export,2020,7,8
2020-07-09,8.2,467440,existing_CODiS_export,2020,7,9
2020-07-10,10.8,467440,existing_CODiS_export,2020,7,10
2020-07-11,11.6,467440,existing_CODiS_export,2020,7,11
2020-07-12,11.4,467440,existing_CODiS_export,2020,7,12
2020-07-13,11.1,467440,existing_CODiS_export,2020,7,13
2020-07-14,4.3,467440,existing_CODiS_export,2020,7,14
2020-07-15,0.6,467440,existing_CODiS_export,2020,7,15
2020-07-16,7.4,467440,existing_CODiS_export,2020,7,16
2020-07-17,11.7,467440,existing_CODiS_export,2020,7,17
2020-07-18,12.1,467440,existing_CODiS_export,2020,7,18
2020-07-19,9.3,467440,existing_CODiS_export,2020,7,19
2020-07-20,7.2,467440,existing_CODiS_export,2020,7,20
2020-07-21,10.8,467440,existing_CODiS_export,2020,7,21
2020-07-22,8.9,467440,existing_CODiS_export,2020,7,22
2020-07-23,7.5,467440,existing_CODiS_export,2020,7,23
2020-07-24,11.8,467440,existing_CODiS_export,2020,7,24
2020-07-25,5.4,467440,existing_CODiS_export,2020,7,25
2020-07-26,7.2,467440,existing_CODiS_export,2020,7,26
2020-07-27,5.7,467440,existing_CODiS_export,2020,7,27
2020-07-28,4.0,467440,existing_CODiS_export,2020,7,28
2020-07-29,4.8,467440,existing_CODiS_export,2020,7,29
2020-07-30,0.0,467440,existing_CODiS_export,2020,7,30
2020-07-31,0.2,467440,existing_CODiS_export,2020,7,31
2020-08-01,6.6,467440,existing_CODiS_export,2020,8,1
2020-08-02,7.9,467440,existing_CODiS_export,2020,8,2
2020-08-03,0.0,467440,existing_CODiS_export,2020,8,3
2020-08-04,0.0,467440,existing_CODiS_export,2020,8,4
2020-08-05,11.0,467440,existing_CODiS_export,2020,8,5
2020-08-06,8.6,467440,existing_CODiS_export,2020,8,6
2020-08-07,9.8,467440,existing_CODiS_export,2020,8,7
2020-08-08,10.1,467440,existing_CODiS_export,2020,8,8
2020-08-09,9.5,467440,existing_CODiS_export,2020,8,9
2020-08-10,3.9,467440,existing_CODiS_export,2020,8,10
2020-08-11,0.0,467440,existing_CODiS_export,2020,8,11
2020-08-12,10.0,467440,existing_CODiS_export,2020,8,12
2020-08-13,7.4,467440,existing_CODiS_export,2020,8,13
2020-08-14,6.5,467440,existing_CODiS_export,2020,8,14
2020-08-15,7.8,467440,existing_CODiS_export,2020,8,15
2020-08-16,6.2,467440,existing_CODiS_export,2020,8,16
2020-08-17,5.2,467440,existing_CODiS_export,2020,8,17
2020-08-18,7.5,467440,existing_CODiS_export,2020,8,18
2020-08-19,9.3,467440,existing_CODiS_export,2020,8,19
2020-08-20,11.3,467440,existing_CODiS_export,2020,8,20
2020-08-21,3.3,467440,existing_CODiS_export,2020,8,21
2020-08-22,0.3,467440,existing_CODiS_export,2020,8,22
2020-08-23,6.5,467440,existing_CODiS_export,2020,8,23
2020-08-24,4.4,467440,existing_CODiS_export,2020,8,24
2020-08-25,1.0,467440,existing_CODiS_export,2020,8,25
2020-08-26,0.0,467440,existing_CODiS_export,2020,8,26
2020-08-27,0.2,467440,existing_CODiS_export,2020,8,27
2020-08-28,4.6,467440,existing_CODiS_export,2020,8,28
2020-08-29,11.7,467440,existing_CODiS_export,2020,8,29
2020-08-30,7.2,467440,existing_CODiS_export,2020,8,30
2020-08-31,4.7,467440,existing_CODiS_export,2020,8,31
2020-09-01,10.7,467440,existing_CODiS_export,2020,9,1
2020-09-02,6.3,467440,existing_CODiS_export,2020,9,2
2020-09-03,8.2,467440,existing_CODiS_export,2020,9,3
2020-09-04,9.7,467440,existing_CODiS_export,2020,9,4
2020-09-05,6.3,467440,existing_CODiS_export,2020,9,5
2020-09-06,11.7,467440,existing_CODiS_export,2020,9,6
2020-09-07,11.5,467440,existing_CODiS_export,2020,9,7
2020-09-08,9.9,467440,existing_CODiS_export,2020,9,8
2020-09-09,8.9,467440,existing_CODiS_export,2020,9,9
2020-09-10,8.8,467440,existing_CODiS_export,2020,9,10
2020-09-11,6.5,467440,existing_CODiS_export,2020,9,11
2020-09-12,7.0,467440,existing_CODiS_export,2020,9,12
2020-09-13,8.2,467440,existing_CODiS_export,2020,9,13
2020-09-14,8.4,467440,existing_CODiS_export,2020,9,14
2020-09-15,9.4,467440,existing_CODiS_export,2020,9,15
2020-09-16,8.6,467440,existing_CODiS_export,2020,9,16
2020-09-17,9.9,467440,existing_CODiS_export,2020,9,17
2020-09-18,9.3,467440,existing_CODiS_export,2020,9,18
2020-09-19,8.7,467440,existing_CODiS_export,2020,9,19
2020-09-20,8.3,467440,existing_CODiS_export,2020,9,20
2020-09-21,10.6,467440,existing_CODiS_export,2020,9,21
2020-09-22,8.0,467440,existing_CODiS_export,2020,9,22
2020-09-23,9.2,467440,existing_CODiS_export,2020,9,23
2020-09-24,6.3,467440,existing_CODiS_export,2020,9,24
2020-09-25,6.0,467440,existing_CODiS_export,2020,9,25
2020-09-26,8.8,467440,existing_CODiS_export,2020,9,26
2020-09-27,6.8,467440,existing_CODiS_export,2020,9,27
2020-09-28,11.3,467440,existing_CODiS_export,2020,9,28
2020-09-29,10.3,467440,existing_CODiS_export,2020,9,29
2020-09-30,9.7,467440,existing_CODiS_export,2020,9,30
2020-10-01,5.2,467440,existing_CODiS_export,2020,10,1
2020-10-02,10.2,467440,existing_CODiS_export,2020,10,2
2020-10-03,9.6,467440,existing_CODiS_export,2020,10,3
2020-10-04,10.5,467440,existing_CODiS_export,2020,10,4
2020-10-05,9.7,467440,existing_CODiS_export,2020,10,5
2020-10-06,9.4,467440,existing_CODiS_export,2020,10,6
2020-10-07,0.7,467440,existing_CODiS_export,2020,10,7
2020-10-08,1.1,467440,existing_CODiS_export,2020,10,8
2020-10-09,5.5,467440,existing_CODiS_export,2020,10,9
2020-10-10,7.7,467440,existing_CODiS_export,2020,10,10
2020-10-11,9.0,467440,existing_CODiS_export,2020,10,11
2020-10-12,9.0,467440,existing_CODiS_export,2020,10,12
2020-10-13,8.4,467440,existing_CODiS_export,2020,10,13
2020-10-14,7.5,467440,existing_CODiS_export,2020,10,14
2020-10-15,9.7,467440,existing_CODiS_export,2020,10,15
2020-10-16,7.2,467440,existing_CODiS_export,2020,10,16
2020-10-17,1.8,467440,existing_CODiS_export,2020,10,17
2020-10-18,6.2,467440,existing_CODiS_export,2020,10,18
2020-10-19,8.2,467440,existing_CODiS_export,2020,10,19
2020-10-20,7.4,467440,existing_CODiS_export,2020,10,20
2020-10-21,3.4,467440,existing_CODiS_export,2020,10,21
2020-10-22,1.9,467440,existing_CODiS_export,2020,10,22
2020-10-23,0.0,467440,existing_CODiS_export,2020,10,23
2020-10-24,1.2,467440,existing_CODiS_export,2020,10,24
2020-10-25,4.6,467440,existing_CODiS_export,2020,10,25
2020-10-26,3.5,467440,existing_CODiS_export,2020,10,26
2020-10-27,5.3,467440,existing_CODiS_export,2020,10,27
2020-10-28,5.2,467440,existing_CODiS_export,2020,10,28
2020-10-29,5.2,467440,existing_CODiS_export,2020,10,29
2020-10-30,1.1,467440,existing_CODiS_export,2020,10,30
2020-10-31,3.5,467440,existing_CODiS_export,2020,10,31
2020-11-01,9.4,467440,existing_CODiS_export,2020,11,1
2020-11-02,9.4,467440,existing_CODiS_export,2020,11,2
2020-11-03,8.1,467440,existing_CODiS_export,2020,11,3
2020-11-04,8.3,467440,existing_CODiS_export,2020,11,4
2020-11-05,8.5,467440,existing_CODiS_export,2020,11,5
2020-11-06,0.1,467440,existing_CODiS_export,2020,11,6
2020-11-07,0.4,467440,existing_CODiS_export,2020,11,7
2020-11-08,3.3,467440,existing_CODiS_export,2020,11,8
2020-11-09,0.1,467440,existing_CODiS_export,2020,11,9
2020-11-10,1.7,467440,existing_CODiS_export,2020,11,10
2020-11-11,8.3,467440,existing_CODiS_export,2020,11,11
2020-11-12,3.6,467440,existing_CODiS_export,2020,11,12
2020-11-13,0.0,467440,existing_CODiS_export,2020,11,13
2020-11-14,0.2,467440,existing_CODiS_export,2020,11,14
2020-11-15,1.0,467440,existing_CODiS_export,2020,11,15
2020-11-16,8.1,467440,existing_CODiS_export,2020,11,16
2020-11-17,8.4,467440,existing_CODiS_export,2020,11,17
2020-11-18,9.6,467440,existing_CODiS_export,2020,11,18
2020-11-19,8.1,467440,existing_CODiS_export,2020,11,19
2020-11-20,8.4,467440,existing_CODiS_export,2020,11,20
2020-11-21,3.3,467440,existing_CODiS_export,2020,11,21
2020-11-22,6.7,467440,existing_CODiS_export,2020,11,22
2020-11-23,3.2,467440,existing_CODiS_export,2020,11,23
2020-11-24,8.0,467440,existing_CODiS_export,2020,11,24
2020-11-25,7.0,467440,existing_CODiS_export,2020,11,25
2020-11-26,8.8,467440,existing_CODiS_export,2020,11,26
2020-11-27,8.2,467440,existing_CODiS_export,2020,11,27
2020-11-28,4.4,467440,existing_CODiS_export,2020,11,28
2020-11-29,6.0,467440,existing_CODiS_export,2020,11,29
2020-11-30,0.5,467440,existing_CODiS_export,2020,11,30
2020-12-01,6.9,467440,existing_CODiS_export,2020,12,1
2020-12-02,8.3,467440,existing_CODiS_export,2020,12,2
2020-12-03,0.5,467440,existing_CODiS_export,2020,12,3
2020-12-04,0.2,467440,existing_CODiS_export,2020,12,4
2020-12-05,6.4,467440,existing_CODiS_export,2020,12,5
2020-12-06,1.5,467440,existing_CODiS_export,2020,12,6
2020-12-07,5.8,467440,existing_CODiS_export,2020,12,7
2020-12-08,0.8,467440,existing_CODiS_export,2020,12,8
2020-12-09,0.1,467440,existing_CODiS_export,2020,12,9
2020-12-10,3.8,467440,existing_CODiS_export,2020,12,10
2020-12-11,5.8,467440,existing_CODiS_export,2020,12,11
2020-12-12,5.2,467440,existing_CODiS_export,2020,12,12
2020-12-13,4.8,467440,existing_CODiS_export,2020,12,13
2020-12-14,7.3,467440,existing_CODiS_export,2020,12,14
2020-12-15,5.5,467440,existing_CODiS_export,2020,12,15
2020-12-16,1.8,467440,existing_CODiS_export,2020,12,16
2020-12-17,8.0,467440,existing_CODiS_export,2020,12,17
2020-12-18,8.4,467440,existing_CODiS_export,2020,12,18
2020-12-19,4.0,467440,existing_CODiS_export,2020,12,19
2020-12-20,3.9,467440,existing_CODiS_export,2020,12,20
2020-12-21,0.0,467440,existing_CODiS_export,2020,12,21
2020-12-22,3.4,467440,existing_CODiS_export,2020,12,22
2020-12-23,3.0,467440,existing_CODiS_export,2020,12,23
2020-12-24,8.2,467440,existing_CODiS_export,2020,12,24
2020-12-25,7.6,467440,existing_CODiS_export,2020,12,25
2020-12-26,5.9,467440,existing_CODiS_export,2020,12,26
2020-12-27,1.1,467440,existing_CODiS_export,2020,12,27
2020-12-28,9.2,467440,existing_CODiS_export,2020,12,28
2020-12-29,3.8,467440,existing_CODiS_export,2020,12,29
2020-12-30,3.6,467440,existing_CODiS_export,2020,12,30
2020-12-31,0.0,467440,existing_CODiS_export,2020,12,31
2021-01-01,9.4,467440,existing_CODiS_export,2021,1,1
2021-01-02,8.9,467440,existing_CODiS_export,2021,1,2
2021-01-03,9.9,467440,existing_CODiS_export,2021,1,3
2021-01-04,9.8,467440,existing_CODiS_export,2021,1,4
2021-01-05,8.5,467440,existing_CODiS_export,2021,1,5
2021-01-06,0.3,467440,existing_CODiS_export,2021,1,6
2021-01-07,0.0,467440,existing_CODiS_export,2021,1,7
2021-01-08,0.0,467440,existing_CODiS_export,2021,1,8
2021-01-09,1.8,467440,existing_CODiS_export,2021,1,9
2021-01-10,9.2,467440,existing_CODiS_export,2021,1,10
2021-01-11,2.6,467440,existing_CODiS_export,2021,1,11
2021-01-12,0.2,467440,existing_CODiS_export,2021,1,12
2021-01-13,9.6,467440,existing_CODiS_export,2021,1,13
2021-01-14,9.9,467440,existing_CODiS_export,2021,1,14
2021-01-15,9.8,467440,existing_CODiS_export,2021,1,15
2021-01-16,9.9,467440,existing_CODiS_export,2021,1,16
2021-01-17,2.9,467440,existing_CODiS_export,2021,1,17
2021-01-18,9.2,467440,existing_CODiS_export,2021,1,18
2021-01-19,8.9,467440,existing_CODiS_export,2021,1,19
2021-01-20,9.4,467440,existing_CODiS_export,2021,1,20
2021-01-21,0.8,467440,existing_CODiS_export,2021,1,21
2021-01-22,0.0,467440,existing_CODiS_export,2021,1,22
2021-01-23,8.2,467440,existing_CODiS_export,2021,1,23
2021-01-24,2.5,467440,existing_CODiS_export,2021,1,24
2021-01-25,8.3,467440,existing_CODiS_export,2021,1,25
2021-01-26,9.5,467440,existing_CODiS_export,2021,1,26
2021-01-27,9.3,467440,existing_CODiS_export,2021,1,27
2021-01-28,9.5,467440,existing_CODiS_export,2021,1,28
2021-01-29,7.5,467440,existing_CODiS_export,2021,1,29
2021-01-30,9.6,467440,existing_CODiS_export,2021,1,30
2021-01-31,8.7,467440,existing_CODiS_export,2021,1,31
2021-02-01,9.9,467440,existing_CODiS_export,2021,2,1
2021-02-02,9.7,467440,existing_CODiS_export,2021,2,2
2021-02-03,9.7,467440,existing_CODiS_export,2021,2,3
2021-02-04,9.9,467440,existing_CODiS_export,2021,2,4
2021-02-05,9.7,467440,existing_CODiS_export,2021,2,5
2021-02-06,9.9,467440,existing_CODiS_export,2021,2,6
2021-02-07,9.9,467440,existing_CODiS_export,2021,2,7
2021-02-08,8.8,467440,existing_CODiS_export,2021,2,8
2021-02-09,7.0,467440,existing_CODiS_export,2021,2,9
2021-02-10,1.2,467440,existing_CODiS_export,2021,2,10
2021-02-11,5.6,467440,existing_CODiS_export,2021,2,11
2021-02-12,4.8,467440,existing_CODiS_export,2021,2,12
2021-02-13,6.4,467440,existing_CODiS_export,2021,2,13
2021-02-14,8.0,467440,existing_CODiS_export,2021,2,14
2021-02-15,8.4,467440,existing_CODiS_export,2021,2,15
2021-02-16,9.9,467440,existing_CODiS_export,2021,2,16
2021-02-17,3.9,467440,existing_CODiS_export,2021,2,17
2021-02-18,7.3,467440,existing_CODiS_export,2021,2,18
2021-02-19,9.4,467440,existing_CODiS_export,2021,2,19
2021-02-20,10.5,467440,existing_CODiS_export,2021,2,20
2021-02-21,10.6,467440,existing_CODiS_export,2021,2,21
2021-02-22,10.8,467440,existing_CODiS_export,2021,2,22
2021-02-23,3.2,467440,existing_CODiS_export,2021,2,23
2021-02-24,4.6,467440,existing_CODiS_export,2021,2,24
2021-02-25,9.8,467440,existing_CODiS_export,2021,2,25
2021-02-26,10.6,467440,existing_CODiS_export,2021,2,26
2021-02-27,9.8,467440,existing_CODiS_export,2021,2,27
2021-02-28,9.3,467440,existing_CODiS_export,2021,2,28
2021-03-01,7.7,467440,existing_CODiS_export,2021,3,1
2021-03-02,6.1,467440,existing_CODiS_export,2021,3,2
2021-03-03,6.7,467440,existing_CODiS_export,2021,3,3
2021-03-04,4.6,467440,existing_CODiS_export,2021,3,4
2021-03-05,4.9,467440,existing_CODiS_export,2021,3,5
2021-03-06,10.2,467440,existing_CODiS_export,2021,3,6
2021-03-07,7.1,467440,existing_CODiS_export,2021,3,7
2021-03-08,9.2,467440,existing_CODiS_export,2021,3,8
2021-03-09,9.2,467440,existing_CODiS_export,2021,3,9
2021-03-10,6.9,467440,existing_CODiS_export,2021,3,10
2021-03-11,9.9,467440,existing_CODiS_export,2021,3,11
2021-03-12,9.5,467440,existing_CODiS_export,2021,3,12
2021-03-13,8.9,467440,existing_CODiS_export,2021,3,13
2021-03-14,8.7,467440,existing_CODiS_export,2021,3,14
2021-03-15,8.9,467440,existing_CODiS_export,2021,3,15
2021-03-16,10.7,467440,existing_CODiS_export,2021,3,16
2021-03-17,10.6,467440,existing_CODiS_export,2021,3,17
2021-03-18,10.5,467440,existing_CODiS_export,2021,3,18
2021-03-19,9.6,467440,existing_CODiS_export,2021,3,19
2021-03-20,9.9,467440,existing_CODiS_export,2021,3,20
2021-03-21,7.2,467440,existing_CODiS_export,2021,3,21
2021-03-22,0.1,467440,existing_CODiS_export,2021,3,22
2021-03-23,2.3,467440,existing_CODiS_export,2021,3,23
2021-03-24,3.0,467440,existing_CODiS_export,2021,3,24
2021-03-25,10.4,467440,existing_CODiS_export,2021,3,25
2021-03-26,4.7,467440,existing_CODiS_export,2021,3,26
2021-03-27,8.1,467440,existing_CODiS_export,2021,3,27
2021-03-28,6.4,467440,existing_CODiS_export,2021,3,28
2021-03-29,9.6,467440,existing_CODiS_export,2021,3,29
2021-03-30,7.8,467440,existing_CODiS_export,2021,3,30
2021-03-31,10.0,467440,existing_CODiS_export,2021,3,31
2021-04-01,9.2,467440,existing_CODiS_export,2021,4,1
2021-04-02,10.2,467440,existing_CODiS_export,2021,4,2
2021-04-03,9.5,467440,existing_CODiS_export,2021,4,3
2021-04-04,7.1,467440,existing_CODiS_export,2021,4,4
2021-04-05,6.5,467440,existing_CODiS_export,2021,4,5
2021-04-06,3.9,467440,existing_CODiS_export,2021,4,6
2021-04-07,0.0,467440,existing_CODiS_export,2021,4,7
2021-04-08,6.9,467440,existing_CODiS_export,2021,4,8
2021-04-09,0.4,467440,existing_CODiS_export,2021,4,9
2021-04-10,8.9,467440,existing_CODiS_export,2021,4,10
2021-04-11,10.4,467440,existing_CODiS_export,2021,4,11
2021-04-12,10.1,467440,existing_CODiS_export,2021,4,12
2021-04-13,8.1,467440,existing_CODiS_export,2021,4,13
2021-04-14,3.0,467440,existing_CODiS_export,2021,4,14
2021-04-15,10.3,467440,existing_CODiS_export,2021,4,15
2021-04-16,8.5,467440,existing_CODiS_export,2021,4,16
2021-04-17,9.3,467440,existing_CODiS_export,2021,4,17
2021-04-18,7.7,467440,existing_CODiS_export,2021,4,18
2021-04-19,2.8,467440,existing_CODiS_export,2021,4,19
2021-04-20,6.3,467440,existing_CODiS_export,2021,4,20
2021-04-21,9.1,467440,existing_CODiS_export,2021,4,21
2021-04-22,10.6,467440,existing_CODiS_export,2021,4,22
2021-04-23,8.8,467440,existing_CODiS_export,2021,4,23
2021-04-24,8.6,467440,existing_CODiS_export,2021,4,24
2021-04-25,0.2,467440,existing_CODiS_export,2021,4,25
2021-04-26,0.0,467440,existing_CODiS_export,2021,4,26
2021-04-27,2.4,467440,existing_CODiS_export,2021,4,27
2021-04-28,3.5,467440,existing_CODiS_export,2021,4,28
2021-04-29,0.0,467440,existing_CODiS_export,2021,4,29
2021-04-30,8.8,467440,existing_CODiS_export,2021,4,30
2021-05-01,2.7,467440,existing_CODiS_export,2021,5,1
2021-05-02,7.7,467440,existing_CODiS_export,2021,5,2
2021-05-03,0.0,467440,existing_CODiS_export,2021,5,3
2021-05-04,8.2,467440,existing_CODiS_export,2021,5,4
2021-05-05,10.5,467440,existing_CODiS_export,2021,5,5
2021-05-06,11.2,467440,existing_CODiS_export,2021,5,6
2021-05-07,11.6,467440,existing_CODiS_export,2021,5,7
2021-05-08,11.6,467440,existing_CODiS_export,2021,5,8
2021-05-09,11.3,467440,existing_CODiS_export,2021,5,9
2021-05-10,8.7,467440,existing_CODiS_export,2021,5,10
2021-05-11,10.9,467440,existing_CODiS_export,2021,5,11
2021-05-12,12.3,467440,existing_CODiS_export,2021,5,12
2021-05-13,8.6,467440,existing_CODiS_export,2021,5,13
2021-05-14,11.4,467440,existing_CODiS_export,2021,5,14
2021-05-15,11.5,467440,existing_CODiS_export,2021,5,15
2021-05-16,10.3,467440,existing_CODiS_export,2021,5,16
2021-05-17,9.6,467440,existing_CODiS_export,2021,5,17
2021-05-18,9.8,467440,existing_CODiS_export,2021,5,18
2021-05-19,10.4,467440,existing_CODiS_export,2021,5,19
2021-05-20,8.9,467440,existing_CODiS_export,2021,5,20
2021-05-21,11.1,467440,existing_CODiS_export,2021,5,21
2021-05-22,10.1,467440,existing_CODiS_export,2021,5,22
2021-05-23,10.3,467440,existing_CODiS_export,2021,5,23
2021-05-24,10.6,467440,existing_CODiS_export,2021,5,24
2021-05-25,10.6,467440,existing_CODiS_export,2021,5,25
2021-05-26,9.1,467440,existing_CODiS_export,2021,5,26
2021-05-27,11.4,467440,existing_CODiS_export,2021,5,27
2021-05-28,9.9,467440,existing_CODiS_export,2021,5,28
2021-05-29,5.9,467440,existing_CODiS_export,2021,5,29
2021-05-30,0.0,467440,existing_CODiS_export,2021,5,30
2021-05-31,5.9,467440,existing_CODiS_export,2021,5,31
2021-06-01,2.5,467440,existing_CODiS_export,2021,6,1
2021-06-02,11.7,467440,existing_CODiS_export,2021,6,2
2021-06-03,11.8,467440,existing_CODiS_export,2021,6,3
2021-06-04,7.2,467440,existing_CODiS_export,2021,6,4
2021-06-05,0.5,467440,existing_CODiS_export,2021,6,5
2021-06-06,0.0,467440,existing_CODiS_export,2021,6,6
2021-06-07,0.8,467440,existing_CODiS_export,2021,6,7
2021-06-08,5.8,467440,existing_CODiS_export,2021,6,8
2021-06-09,8.8,467440,existing_CODiS_export,2021,6,9
2021-06-10,10.6,467440,existing_CODiS_export,2021,6,10
2021-06-11,9.1,467440,existing_CODiS_export,2021,6,11
2021-06-12,8.6,467440,existing_CODiS_export,2021,6,12
2021-06-13,10.7,467440,existing_CODiS_export,2021,6,13
2021-06-14,12.4,467440,existing_CODiS_export,2021,6,14
2021-06-15,3.8,467440,existing_CODiS_export,2021,6,15
2021-06-16,0.9,467440,existing_CODiS_export,2021,6,16
2021-06-17,6.4,467440,existing_CODiS_export,2021,6,17
2021-06-18,5.3,467440,existing_CODiS_export,2021,6,18
2021-06-19,3.1,467440,existing_CODiS_export,2021,6,19
2021-06-20,0.0,467440,existing_CODiS_export,2021,6,20
2021-06-21,1.4,467440,existing_CODiS_export,2021,6,21
2021-06-22,0.4,467440,existing_CODiS_export,2021,6,22
2021-06-23,1.5,467440,existing_CODiS_export,2021,6,23
2021-06-24,5.5,467440,existing_CODiS_export,2021,6,24
2021-06-25,4.0,467440,existing_CODiS_export,2021,6,25
2021-06-26,3.4,467440,existing_CODiS_export,2021,6,26
2021-06-27,0.5,467440,existing_CODiS_export,2021,6,27
2021-06-28,0.7,467440,existing_CODiS_export,2021,6,28
2021-06-29,0.8,467440,existing_CODiS_export,2021,6,29
2021-06-30,10.5,467440,existing_CODiS_export,2021,6,30
2021-07-01,11.8,467440,existing_CODiS_export,2021,7,1
2021-07-02,10.2,467440,existing_CODiS_export,2021,7,2
2021-07-03,9.3,467440,existing_CODiS_export,2021,7,3
2021-07-04,10.9,467440,existing_CODiS_export,2021,7,4
2021-07-05,7.3,467440,existing_CODiS_export,2021,7,5
2021-07-06,7.2,467440,existing_CODiS_export,2021,7,6
2021-07-07,12.0,467440,existing_CODiS_export,2021,7,7
2021-07-08,10.0,467440,existing_CODiS_export,2021,7,8
2021-07-09,11.9,467440,existing_CODiS_export,2021,7,9
2021-07-10,11.3,467440,existing_CODiS_export,2021,7,10
2021-07-11,8.5,467440,existing_CODiS_export,2021,7,11
2021-07-12,10.4,467440,existing_CODiS_export,2021,7,12
2021-07-13,7.1,467440,existing_CODiS_export,2021,7,13
2021-07-14,8.0,467440,existing_CODiS_export,2021,7,14
2021-07-15,2.3,467440,existing_CODiS_export,2021,7,15
2021-07-16,6.5,467440,existing_CODiS_export,2021,7,16
2021-07-17,9.8,467440,existing_CODiS_export,2021,7,17
2021-07-18,10.6,467440,existing_CODiS_export,2021,7,18
2021-07-19,3.1,467440,existing_CODiS_export,2021,7,19
2021-07-20,0.1,467440,existing_CODiS_export,2021,7,20
2021-07-21,9.6,467440,existing_CODiS_export,2021,7,21
2021-07-22,1.1,467440,existing_CODiS_export,2021,7,22
2021-07-23,4.8,467440,existing_CODiS_export,2021,7,23
2021-07-24,8.6,467440,existing_CODiS_export,2021,7,24
2021-07-25,3.3,467440,existing_CODiS_export,2021,7,25
2021-07-26,7.2,467440,existing_CODiS_export,2021,7,26
2021-07-27,9.3,467440,existing_CODiS_export,2021,7,27
2021-07-28,0.0,467440,existing_CODiS_export,2021,7,28
2021-07-29,3.3,467440,existing_CODiS_export,2021,7,29
2021-07-30,0.0,467440,existing_CODiS_export,2021,7,30
2021-07-31,0.0,467440,existing_CODiS_export,2021,7,31
2021-08-01,0.5,467440,existing_CODiS_export,2021,8,1
2021-08-02,0.0,467440,existing_CODiS_export,2021,8,2
2021-08-03,2.6,467440,existing_CODiS_export,2021,8,3
2021-08-04,1.0,467440,existing_CODiS_export,2021,8,4
2021-08-05,0.0,467440,existing_CODiS_export,2021,8,5
2021-08-06,0.0,467440,existing_CODiS_export,2021,8,6
2021-08-07,0.0,467440,existing_CODiS_export,2021,8,7
2021-08-08,0.0,467440,existing_CODiS_export,2021,8,8
2021-08-09,1.7,467440,existing_CODiS_export,2021,8,9
2021-08-10,3.3,467440,existing_CODiS_export,2021,8,10
2021-08-11,9.1,467440,existing_CODiS_export,2021,8,11
2021-08-12,6.7,467440,existing_CODiS_export,2021,8,12
2021-08-13,1.0,467440,existing_CODiS_export,2021,8,13
2021-08-14,0.4,467440,existing_CODiS_export,2021,8,14
2021-08-15,12.3,467440,existing_CODiS_export,2021,8,15
2021-08-16,10.6,467440,existing_CODiS_export,2021,8,16
2021-08-17,11.9,467440,existing_CODiS_export,2021,8,17
2021-08-18,5.6,467440,existing_CODiS_export,2021,8,18
2021-08-19,8.8,467440,existing_CODiS_export,2021,8,19
2021-08-20,9.5,467440,existing_CODiS_export,2021,8,20
2021-08-21,8.5,467440,existing_CODiS_export,2021,8,21
2021-08-22,11.6,467440,existing_CODiS_export,2021,8,22
2021-08-23,8.5,467440,existing_CODiS_export,2021,8,23
2021-08-24,10.3,467440,existing_CODiS_export,2021,8,24
2021-08-25,7.7,467440,existing_CODiS_export,2021,8,25
2021-08-26,7.7,467440,existing_CODiS_export,2021,8,26
2021-08-27,10.6,467440,existing_CODiS_export,2021,8,27
2021-08-28,10.2,467440,existing_CODiS_export,2021,8,28
2021-08-29,10.6,467440,existing_CODiS_export,2021,8,29
2021-08-30,0.2,467440,existing_CODiS_export,2021,8,30
2021-08-31,3.4,467440,existing_CODiS_export,2021,8,31
2021-09-01,7.8,467440,existing_CODiS_export,2021,9,1
2021-09-02,4.0,467440,existing_CODiS_export,2021,9,2
2021-09-03,7.2,467440,existing_CODiS_export,2021,9,3
2021-09-04,7.6,467440,existing_CODiS_export,2021,9,4
2021-09-05,5.8,467440,existing_CODiS_export,2021,9,5
2021-09-06,6.9,467440,existing_CODiS_export,2021,9,6
2021-09-07,6.2,467440,existing_CODiS_export,2021,9,7
2021-09-08,5.3,467440,existing_CODiS_export,2021,9,8
2021-09-09,8.1,467440,existing_CODiS_export,2021,9,9
2021-09-10,9.8,467440,existing_CODiS_export,2021,9,10
2021-09-11,0.0,467440,existing_CODiS_export,2021,9,11
2021-09-12,2.2,467440,existing_CODiS_export,2021,9,12
2021-09-13,1.3,467440,existing_CODiS_export,2021,9,13
2021-09-14,3.5,467440,existing_CODiS_export,2021,9,14
2021-09-15,8.7,467440,existing_CODiS_export,2021,9,15
2021-09-16,10.7,467440,existing_CODiS_export,2021,9,16
2021-09-17,10.5,467440,existing_CODiS_export,2021,9,17
2021-09-18,5.2,467440,existing_CODiS_export,2021,9,18
2021-09-19,9.1,467440,existing_CODiS_export,2021,9,19
2021-09-20,9.8,467440,existing_CODiS_export,2021,9,20
2021-09-21,5.8,467440,existing_CODiS_export,2021,9,21
2021-09-22,9.2,467440,existing_CODiS_export,2021,9,22
2021-09-23,10.1,467440,existing_CODiS_export,2021,9,23
2021-09-24,8.1,467440,existing_CODiS_export,2021,9,24
2021-09-25,9.8,467440,existing_CODiS_export,2021,9,25
2021-09-26,10.5,467440,existing_CODiS_export,2021,9,26
2021-09-27,8.9,467440,existing_CODiS_export,2021,9,27
2021-09-28,10.3,467440,existing_CODiS_export,2021,9,28
2021-09-29,8.4,467440,existing_CODiS_export,2021,9,29
2021-09-30,9.3,467440,existing_CODiS_export,2021,9,30
2021-10-01,8.3,467440,existing_CODiS_export,2021,10,1
2021-10-02,5.6,467440,existing_CODiS_export,2021,10,2
2021-10-03,10.3,467440,existing_CODiS_export,2021,10,3
2021-10-04,8.5,467440,existing_CODiS_export,2021,10,4
2021-10-05,10.5,467440,existing_CODiS_export,2021,10,5
2021-10-06,5.1,467440,existing_CODiS_export,2021,10,6
2021-10-07,0.2,467440,existing_CODiS_export,2021,10,7
2021-10-08,0.7,467440,existing_CODiS_export,2021,10,8
2021-10-09,8.4,467440,existing_CODiS_export,2021,10,9
2021-10-10,10.1,467440,existing_CODiS_export,2021,10,10
2021-10-11,0.0,467440,existing_CODiS_export,2021,10,11
2021-10-12,0.0,467440,existing_CODiS_export,2021,10,12
2021-10-13,0.0,467440,existing_CODiS_export,2021,10,13
2021-10-14,0.0,467440,existing_CODiS_export,2021,10,14
2021-10-15,5.9,467440,existing_CODiS_export,2021,10,15
2021-10-16,9.1,467440,existing_CODiS_export,2021,10,16
2021-10-17,4.1,467440,existing_CODiS_export,2021,10,17
2021-10-18,6.7,467440,existing_CODiS_export,2021,10,18
2021-10-19,9.9,467440,existing_CODiS_export,2021,10,19
2021-10-20,10.5,467440,existing_CODiS_export,2021,10,20
2021-10-21,10.1,467440,existing_CODiS_export,2021,10,21
2021-10-22,4.5,467440,existing_CODiS_export,2021,10,22
2021-10-23,4.5,467440,existing_CODiS_export,2021,10,23
2021-10-24,7.8,467440,existing_CODiS_export,2021,10,24
2021-10-25,4.6,467440,existing_CODiS_export,2021,10,25
2021-10-26,8.0,467440,existing_CODiS_export,2021,10,26
2021-10-27,9.0,467440,existing_CODiS_export,2021,10,27
2021-10-28,9.9,467440,existing_CODiS_export,2021,10,28
2021-10-29,6.7,467440,existing_CODiS_export,2021,10,29
2021-10-30,8.2,467440,existing_CODiS_export,2021,10,30
2021-10-31,8.3,467440,existing_CODiS_export,2021,10,31
2021-11-01,9.1,467440,existing_CODiS_export,2021,11,1
2021-11-02,7.6,467440,existing_CODiS_export,2021,11,2
2021-11-03,9.0,467440,existing_CODiS_export,2021,11,3
2021-11-04,7.5,467440,existing_CODiS_export,2021,11,4
2021-11-05,4.1,467440,existing_CODiS_export,2021,11,5
2021-11-06,9.2,467440,existing_CODiS_export,2021,11,6
2021-11-07,10.0,467440,existing_CODiS_export,2021,11,7
2021-11-08,7.1,467440,existing_CODiS_export,2021,11,8
2021-11-09,4.9,467440,existing_CODiS_export,2021,11,9
2021-11-10,8.0,467440,existing_CODiS_export,2021,11,10
2021-11-11,7.9,467440,existing_CODiS_export,2021,11,11
2021-11-12,1.3,467440,existing_CODiS_export,2021,11,12
2021-11-13,7.2,467440,existing_CODiS_export,2021,11,13
2021-11-14,9.8,467440,existing_CODiS_export,2021,11,14
2021-11-15,10.0,467440,existing_CODiS_export,2021,11,15
2021-11-16,10.1,467440,existing_CODiS_export,2021,11,16
2021-11-17,10.1,467440,existing_CODiS_export,2021,11,17
2021-11-18,8.3,467440,existing_CODiS_export,2021,11,18
2021-11-19,9.8,467440,existing_CODiS_export,2021,11,19
2021-11-20,0.8,467440,existing_CODiS_export,2021,11,20
2021-11-21,10.0,467440,existing_CODiS_export,2021,11,21
2021-11-22,10.0,467440,existing_CODiS_export,2021,11,22
2021-11-23,2.4,467440,existing_CODiS_export,2021,11,23
2021-11-24,9.8,467440,existing_CODiS_export,2021,11,24
2021-11-25,0.3,467440,existing_CODiS_export,2021,11,25
2021-11-26,5.4,467440,existing_CODiS_export,2021,11,26
2021-11-27,3.0,467440,existing_CODiS_export,2021,11,27
2021-11-28,0.0,467440,existing_CODiS_export,2021,11,28
2021-11-29,2.0,467440,existing_CODiS_export,2021,11,29
2021-11-30,3.6,467440,existing_CODiS_export,2021,11,30
2021-12-01,3.1,467440,existing_CODiS_export,2021,12,1
2021-12-02,9.5,467440,existing_CODiS_export,2021,12,2
2021-12-03,9.9,467440,existing_CODiS_export,2021,12,3
2021-12-04,9.4,467440,existing_CODiS_export,2021,12,4
2021-12-05,9.6,467440,existing_CODiS_export,2021,12,5
2021-12-06,9.6,467440,existing_CODiS_export,2021,12,6
2021-12-07,8.9,467440,existing_CODiS_export,2021,12,7
2021-12-08,9.4,467440,existing_CODiS_export,2021,12,8
2021-12-09,9.6,467440,existing_CODiS_export,2021,12,9
2021-12-10,8.1,467440,existing_CODiS_export,2021,12,10
2021-12-11,9.1,467440,existing_CODiS_export,2021,12,11
2021-12-12,7.1,467440,existing_CODiS_export,2021,12,12
2021-12-13,8.7,467440,existing_CODiS_export,2021,12,13
2021-12-14,5.8,467440,existing_CODiS_export,2021,12,14
2021-12-15,9.1,467440,existing_CODiS_export,2021,12,15
2021-12-16,9.9,467440,existing_CODiS_export,2021,12,16
2021-12-17,8.0,467440,existing_CODiS_export,2021,12,17
2021-12-18,0.1,467440,existing_CODiS_export,2021,12,18
2021-12-19,2.1,467440,existing_CODiS_export,2021,12,19
2021-12-20,0.0,467440,existing_CODiS_export,2021,12,20
2021-12-21,0.1,467440,existing_CODiS_export,2021,12,21
2021-12-22,1.9,467440,existing_CODiS_export,2021,12,22
2021-12-23,0.9,467440,existing_CODiS_export,2021,12,23
2021-12-24,7.6,467440,existing_CODiS_export,2021,12,24
2021-12-25,0.0,467440,existing_CODiS_export,2021,12,25
2021-12-26,0.0,467440,existing_CODiS_export,2021,12,26
2021-12-27,0.0,467440,existing_CODiS_export,2021,12,27
2021-12-28,8.5,467440,existing_CODiS_export,2021,12,28
2021-12-29,9.9,467440,existing_CODiS_export,2021,12,29
2021-12-30,2.3,467440,existing_CODiS_export,2021,12,30
2021-12-31,6.6,467440,existing_CODiS_export,2021,12,31
2022-01-01,10.0,467440,existing_CODiS_export,2022,1,1
2022-01-02,9.6,467440,existing_CODiS_export,2022,1,2
2022-01-03,9.8,467440,existing_CODiS_export,2022,1,3
2022-01-04,5.8,467440,existing_CODiS_export,2022,1,4
2022-01-05,1.6,467440,existing_CODiS_export,2022,1,5
2022-01-06,1.2,467440,existing_CODiS_export,2022,1,6
2022-01-07,4.6,467440,existing_CODiS_export,2022,1,7
2022-01-08,6.9,467440,existing_CODiS_export,2022,1,8
2022-01-09,7.6,467440,existing_CODiS_export,2022,1,9
2022-01-10,7.8,467440,existing_CODiS_export,2022,1,10
2022-01-11,4.3,467440,existing_CODiS_export,2022,1,11
2022-01-12,2.5,467440,existing_CODiS_export,2022,1,12
2022-01-13,7.3,467440,existing_CODiS_export,2022,1,13
2022-01-14,9.5,467440,existing_CODiS_export,2022,1,14
2022-01-15,9.9,467440,existing_CODiS_export,2022,1,15
2022-01-16,6.1,467440,existing_CODiS_export,2022,1,16
2022-01-17,3.1,467440,existing_CODiS_export,2022,1,17
2022-01-18,0.0,467440,existing_CODiS_export,2022,1,18
2022-01-19,4.9,467440,existing_CODiS_export,2022,1,19
2022-01-20,4.6,467440,existing_CODiS_export,2022,1,20
2022-01-21,1.7,467440,existing_CODiS_export,2022,1,21
2022-01-22,0.0,467440,existing_CODiS_export,2022,1,22
2022-01-23,3.4,467440,existing_CODiS_export,2022,1,23
2022-01-24,2.5,467440,existing_CODiS_export,2022,1,24
2022-01-25,4.0,467440,existing_CODiS_export,2022,1,25
2022-01-26,8.5,467440,existing_CODiS_export,2022,1,26
2022-01-27,7.2,467440,existing_CODiS_export,2022,1,27
2022-01-28,0.0,467440,existing_CODiS_export,2022,1,28
2022-01-29,0.0,467440,existing_CODiS_export,2022,1,29
2022-01-30,2.7,467440,existing_CODiS_export,2022,1,30
2022-01-31,5.4,467440,existing_CODiS_export,2022,1,31
2022-02-01,5.4,467440,existing_CODiS_export,2022,2,1
2022-02-02,6.5,467440,existing_CODiS_export,2022,2,2
2022-02-03,2.4,467440,existing_CODiS_export,2022,2,3
2022-02-04,5.6,467440,existing_CODiS_export,2022,2,4
2022-02-05,5.0,467440,existing_CODiS_export,2022,2,5
2022-02-06,8.1,467440,existing_CODiS_export,2022,2,6
2022-02-07,1.0,467440,existing_CODiS_export,2022,2,7
2022-02-08,6.9,467440,existing_CODiS_export,2022,2,8
2022-02-09,0.0,467440,existing_CODiS_export,2022,2,9
2022-02-10,6.9,467440,existing_CODiS_export,2022,2,10
2022-02-11,,467440,existing_CODiS_export,2022,2,11
2022-02-12,0.0,467440,existing_CODiS_export,2022,2,12
2022-02-13,,467440,existing_CODiS_export,2022,2,13
2022-02-14,0.5,467440,existing_CODiS_export,2022,2,14
2022-02-15,0.0,467440,existing_CODiS_export,2022,2,15
2022-02-16,9.4,467440,existing_CODiS_export,2022,2,16
2022-02-17,2.0,467440,existing_CODiS_export,2022,2,17
2022-02-18,5.9,467440,existing_CODiS_export,2022,2,18
2022-02-19,3.0,467440,existing_CODiS_export,2022,2,19
2022-02-20,0.0,467440,existing_CODiS_export,2022,2,20
2022-02-21,0.0,467440,existing_CODiS_export,2022,2,21
2022-02-22,0.2,467440,existing_CODiS_export,2022,2,22
2022-02-23,0.0,467440,existing_CODiS_export,2022,2,23
2022-02-24,1.2,467440,existing_CODiS_export,2022,2,24
2022-02-25,10.5,467440,existing_CODiS_export,2022,2,25
2022-02-26,8.5,467440,existing_CODiS_export,2022,2,26
2022-02-27,10.9,467440,existing_CODiS_export,2022,2,27
2022-02-28,11.0,467440,existing_CODiS_export,2022,2,28
2022-03-01,8.5,467440,existing_CODiS_export,2022,3,1
2022-03-02,9.1,467440,existing_CODiS_export,2022,3,2
2022-03-03,8.7,467440,existing_CODiS_export,2022,3,3
2022-03-04,9.2,467440,existing_CODiS_export,2022,3,4
2022-03-05,10.2,467440,existing_CODiS_export,2022,3,5
2022-03-06,8.9,467440,existing_CODiS_export,2022,3,6
2022-03-07,1.1,467440,existing_CODiS_export,2022,3,7
2022-03-08,11.0,467440,existing_CODiS_export,2022,3,8
2022-03-09,11.0,467440,existing_CODiS_export,2022,3,9
2022-03-10,9.4,467440,existing_CODiS_export,2022,3,10
2022-03-11,10.5,467440,existing_CODiS_export,2022,3,11
2022-03-12,10.7,467440,existing_CODiS_export,2022,3,12
2022-03-13,10.8,467440,existing_CODiS_export,2022,3,13
2022-03-14,7.1,467440,existing_CODiS_export,2022,3,14
2022-03-15,10.2,467440,existing_CODiS_export,2022,3,15
2022-03-16,8.9,467440,existing_CODiS_export,2022,3,16
2022-03-17,3.3,467440,existing_CODiS_export,2022,3,17
2022-03-18,8.6,467440,existing_CODiS_export,2022,3,18
2022-03-19,3.0,467440,existing_CODiS_export,2022,3,19
2022-03-20,4.0,467440,existing_CODiS_export,2022,3,20
2022-03-21,2.4,467440,existing_CODiS_export,2022,3,21
2022-03-22,9.3,467440,existing_CODiS_export,2022,3,22
2022-03-23,0.0,467440,existing_CODiS_export,2022,3,23
2022-03-24,0.0,467440,existing_CODiS_export,2022,3,24
2022-03-25,8.6,467440,existing_CODiS_export,2022,3,25
2022-03-26,7.3,467440,existing_CODiS_export,2022,3,26
2022-03-27,1.2,467440,existing_CODiS_export,2022,3,27
2022-03-28,0.5,467440,existing_CODiS_export,2022,3,28
2022-03-29,3.0,467440,existing_CODiS_export,2022,3,29
2022-03-30,1.6,467440,existing_CODiS_export,2022,3,30
2022-03-31,11.0,467440,existing_CODiS_export,2022,3,31
2022-04-01,1.4,467440,existing_CODiS_export,2022,4,1
2022-04-02,0.0,467440,existing_CODiS_export,2022,4,2
2022-04-03,0.0,467440,existing_CODiS_export,2022,4,3
2022-04-04,6.9,467440,existing_CODiS_export,2022,4,4
2022-04-05,11.7,467440,existing_CODiS_export,2022,4,5
2022-04-06,9.9,467440,existing_CODiS_export,2022,4,6
2022-04-07,9.6,467440,existing_CODiS_export,2022,4,7
2022-04-08,5.8,467440,existing_CODiS_export,2022,4,8
2022-04-09,8.1,467440,existing_CODiS_export,2022,4,9
2022-04-10,8.9,467440,existing_CODiS_export,2022,4,10
2022-04-11,7.3,467440,existing_CODiS_export,2022,4,11
2022-04-12,10.0,467440,existing_CODiS_export,2022,4,12
2022-04-13,7.4,467440,existing_CODiS_export,2022,4,13
2022-04-14,9.1,467440,existing_CODiS_export,2022,4,14
2022-04-15,9.6,467440,existing_CODiS_export,2022,4,15
2022-04-16,6.8,467440,existing_CODiS_export,2022,4,16
2022-04-17,5.2,467440,existing_CODiS_export,2022,4,17
2022-04-18,7.8,467440,existing_CODiS_export,2022,4,18
2022-04-19,0.2,467440,existing_CODiS_export,2022,4,19
2022-04-20,5.6,467440,existing_CODiS_export,2022,4,20
2022-04-21,9.9,467440,existing_CODiS_export,2022,4,21
2022-04-22,9.2,467440,existing_CODiS_export,2022,4,22
2022-04-23,5.2,467440,existing_CODiS_export,2022,4,23
2022-04-24,10.8,467440,existing_CODiS_export,2022,4,24
2022-04-25,12.0,467440,existing_CODiS_export,2022,4,25
2022-04-26,11.7,467440,existing_CODiS_export,2022,4,26
2022-04-27,10.0,467440,existing_CODiS_export,2022,4,27
2022-04-28,6.0,467440,existing_CODiS_export,2022,4,28
2022-04-29,11.0,467440,existing_CODiS_export,2022,4,29
2022-04-30,9.6,467440,existing_CODiS_export,2022,4,30
2022-05-01,1.8,467440,existing_CODiS_export,2022,5,1
2022-05-02,0.0,467440,existing_CODiS_export,2022,5,2
2022-05-03,0.0,467440,existing_CODiS_export,2022,5,3
2022-05-04,4.4,467440,existing_CODiS_export,2022,5,4
2022-05-05,8.0,467440,existing_CODiS_export,2022,5,5
2022-05-06,7.3,467440,existing_CODiS_export,2022,5,6
2022-05-07,5.6,467440,existing_CODiS_export,2022,5,7
2022-05-08,1.9,467440,existing_CODiS_export,2022,5,8
2022-05-09,2.4,467440,existing_CODiS_export,2022,5,9
2022-05-10,7.7,467440,existing_CODiS_export,2022,5,10
2022-05-11,0.4,467440,existing_CODiS_export,2022,5,11
2022-05-12,0.1,467440,existing_CODiS_export,2022,5,12
2022-05-13,1.3,467440,existing_CODiS_export,2022,5,13
2022-05-14,0.0,467440,existing_CODiS_export,2022,5,14
2022-05-15,0.0,467440,existing_CODiS_export,2022,5,15
2022-05-16,0.0,467440,existing_CODiS_export,2022,5,16
2022-05-17,1.1,467440,existing_CODiS_export,2022,5,17
2022-05-18,5.4,467440,existing_CODiS_export,2022,5,18
2022-05-19,3.5,467440,existing_CODiS_export,2022,5,19
2022-05-20,9.8,467440,existing_CODiS_export,2022,5,20
2022-05-21,5.8,467440,existing_CODiS_export,2022,5,21
2022-05-22,5.2,467440,existing_CODiS_export,2022,5,22
2022-05-23,1.6,467440,existing_CODiS_export,2022,5,23
2022-05-24,2.0,467440,existing_CODiS_export,2022,5,24
2022-05-25,2.5,467440,existing_CODiS_export,2022,5,25
2022-05-26,1.1,467440,existing_CODiS_export,2022,5,26
2022-05-27,1.0,467440,existing_CODiS_export,2022,5,27
2022-05-28,11.6,467440,existing_CODiS_export,2022,5,28
2022-05-29,11.9,467440,existing_CODiS_export,2022,5,29
2022-05-30,9.1,467440,existing_CODiS_export,2022,5,30
2022-05-31,9.4,467440,existing_CODiS_export,2022,5,31
2022-06-01,11.6,467440,existing_CODiS_export,2022,6,1
2022-06-02,10.1,467440,existing_CODiS_export,2022,6,2
2022-06-03,11.5,467440,existing_CODiS_export,2022,6,3
2022-06-04,4.4,467440,existing_CODiS_export,2022,6,4
2022-06-05,8.7,467440,existing_CODiS_export,2022,6,5
2022-06-06,6.0,467440,existing_CODiS_export,2022,6,6
2022-06-07,1.3,467440,existing_CODiS_export,2022,6,7
2022-06-08,1.6,467440,existing_CODiS_export,2022,6,8
2022-06-09,2.0,467440,existing_CODiS_export,2022,6,9
2022-06-10,3.1,467440,existing_CODiS_export,2022,6,10
2022-06-11,3.3,467440,existing_CODiS_export,2022,6,11
2022-06-12,9.5,467440,existing_CODiS_export,2022,6,12
2022-06-13,9.2,467440,existing_CODiS_export,2022,6,13
2022-06-14,7.1,467440,existing_CODiS_export,2022,6,14
2022-06-15,7.4,467440,existing_CODiS_export,2022,6,15
2022-06-16,8.1,467440,existing_CODiS_export,2022,6,16
2022-06-17,10.7,467440,existing_CODiS_export,2022,6,17
2022-06-18,10.4,467440,existing_CODiS_export,2022,6,18
2022-06-19,11.1,467440,existing_CODiS_export,2022,6,19
2022-06-20,11.4,467440,existing_CODiS_export,2022,6,20
2022-06-21,10.5,467440,existing_CODiS_export,2022,6,21
2022-06-22,9.8,467440,existing_CODiS_export,2022,6,22
2022-06-23,12.4,467440,existing_CODiS_export,2022,6,23
2022-06-24,8.8,467440,existing_CODiS_export,2022,6,24
2022-06-25,5.8,467440,existing_CODiS_export,2022,6,25
2022-06-26,9.0,467440,existing_CODiS_export,2022,6,26
2022-06-27,9.2,467440,existing_CODiS_export,2022,6,27
2022-06-28,8.6,467440,existing_CODiS_export,2022,6,28
2022-06-29,2.8,467440,existing_CODiS_export,2022,6,29
2022-06-30,9.2,467440,existing_CODiS_export,2022,6,30
2022-07-01,1.9,467440,existing_CODiS_export,2022,7,1
2022-07-02,1.2,467440,existing_CODiS_export,2022,7,2
2022-07-03,2.2,467440,existing_CODiS_export,2022,7,3
2022-07-04,2.0,467440,existing_CODiS_export,2022,7,4
2022-07-05,1.0,467440,existing_CODiS_export,2022,7,5
2022-07-06,8.7,467440,existing_CODiS_export,2022,7,6
2022-07-07,10.1,467440,existing_CODiS_export,2022,7,7
2022-07-08,9.6,467440,existing_CODiS_export,2022,7,8
2022-07-09,10.2,467440,existing_CODiS_export,2022,7,9
2022-07-10,12.0,467440,existing_CODiS_export,2022,7,10
2022-07-11,12.7,467440,existing_CODiS_export,2022,7,11
2022-07-12,9.6,467440,existing_CODiS_export,2022,7,12
2022-07-13,8.5,467440,existing_CODiS_export,2022,7,13
2022-07-14,4.6,467440,existing_CODiS_export,2022,7,14
2022-07-15,0.9,467440,existing_CODiS_export,2022,7,15
2022-07-16,2.7,467440,existing_CODiS_export,2022,7,16
2022-07-17,5.4,467440,existing_CODiS_export,2022,7,17
2022-07-18,9.1,467440,existing_CODiS_export,2022,7,18
2022-07-19,9.9,467440,existing_CODiS_export,2022,7,19
2022-07-20,12.0,467440,existing_CODiS_export,2022,7,20
2022-07-21,11.5,467440,existing_CODiS_export,2022,7,21
2022-07-22,9.2,467440,existing_CODiS_export,2022,7,22
2022-07-23,12.6,467440,existing_CODiS_export,2022,7,23
2022-07-24,10.1,467440,existing_CODiS_export,2022,7,24
2022-07-25,8.3,467440,existing_CODiS_export,2022,7,25
2022-07-26,7.8,467440,existing_CODiS_export,2022,7,26
2022-07-27,8.1,467440,existing_CODiS_export,2022,7,27
2022-07-28,10.8,467440,existing_CODiS_export,2022,7,28
2022-07-29,8.7,467440,existing_CODiS_export,2022,7,29
2022-07-30,6.9,467440,existing_CODiS_export,2022,7,30
2022-07-31,4.5,467440,existing_CODiS_export,2022,7,31
2022-08-01,1.7,467440,existing_CODiS_export,2022,8,1
2022-08-02,0.0,467440,existing_CODiS_export,2022,8,2
2022-08-03,0.7,467440,existing_CODiS_export,2022,8,3
2022-08-04,10.2,467440,existing_CODiS_export,2022,8,4
2022-08-05,10.1,467440,existing_CODiS_export,2022,8,5
2022-08-06,9.4,467440,existing_CODiS_export,2022,8,6
2022-08-07,8.0,467440,existing_CODiS_export,2022,8,7
2022-08-08,10.8,467440,existing_CODiS_export,2022,8,8
2022-08-09,4.3,467440,existing_CODiS_export,2022,8,9
2022-08-10,6.3,467440,existing_CODiS_export,2022,8,10
2022-08-11,7.9,467440,existing_CODiS_export,2022,8,11
2022-08-12,7.7,467440,existing_CODiS_export,2022,8,12
2022-08-13,9.2,467440,existing_CODiS_export,2022,8,13
2022-08-14,7.9,467440,existing_CODiS_export,2022,8,14
2022-08-15,1.7,467440,existing_CODiS_export,2022,8,15
2022-08-16,9.2,467440,existing_CODiS_export,2022,8,16
2022-08-17,2.9,467440,existing_CODiS_export,2022,8,17
2022-08-18,0.7,467440,existing_CODiS_export,2022,8,18
2022-08-19,11.6,467440,existing_CODiS_export,2022,8,19
2022-08-20,11.2,467440,existing_CODiS_export,2022,8,20
2022-08-21,11.0,467440,existing_CODiS_export,2022,8,21
2022-08-22,12.0,467440,existing_CODiS_export,2022,8,22
2022-08-23,7.2,467440,existing_CODiS_export,2022,8,23
2022-08-24,4.6,467440,existing_CODiS_export,2022,8,24
2022-08-25,11.4,467440,existing_CODiS_export,2022,8,25
2022-08-26,11.7,467440,existing_CODiS_export,2022,8,26
2022-08-27,10.3,467440,existing_CODiS_export,2022,8,27
2022-08-28,4.8,467440,existing_CODiS_export,2022,8,28
2022-08-29,6.9,467440,existing_CODiS_export,2022,8,29
2022-08-30,7.4,467440,existing_CODiS_export,2022,8,30
2022-08-31,9.4,467440,existing_CODiS_export,2022,8,31
2022-09-01,2.0,467440,existing_CODiS_export,2022,9,1
2022-09-02,0.0,467440,existing_CODiS_export,2022,9,2
2022-09-03,0.5,467440,existing_CODiS_export,2022,9,3
2022-09-04,6.8,467440,existing_CODiS_export,2022,9,4
2022-09-05,7.0,467440,existing_CODiS_export,2022,9,5
2022-09-06,3.3,467440,existing_CODiS_export,2022,9,6
2022-09-07,4.7,467440,existing_CODiS_export,2022,9,7
2022-09-08,2.8,467440,existing_CODiS_export,2022,9,8
2022-09-09,6.7,467440,existing_CODiS_export,2022,9,9
2022-09-10,6.0,467440,existing_CODiS_export,2022,9,10
2022-09-11,4.4,467440,existing_CODiS_export,2022,9,11
2022-09-12,5.7,467440,existing_CODiS_export,2022,9,12
2022-09-13,8.0,467440,existing_CODiS_export,2022,9,13
2022-09-14,10.8,467440,existing_CODiS_export,2022,9,14
2022-09-15,11.3,467440,existing_CODiS_export,2022,9,15
2022-09-16,5.8,467440,existing_CODiS_export,2022,9,16
2022-09-17,10.4,467440,existing_CODiS_export,2022,9,17
2022-09-18,3.6,467440,existing_CODiS_export,2022,9,18
2022-09-19,2.8,467440,existing_CODiS_export,2022,9,19
2022-09-20,1.7,467440,existing_CODiS_export,2022,9,20
2022-09-21,7.8,467440,existing_CODiS_export,2022,9,21
2022-09-22,9.6,467440,existing_CODiS_export,2022,9,22
2022-09-23,7.7,467440,existing_CODiS_export,2022,9,23
2022-09-24,5.7,467440,existing_CODiS_export,2022,9,24
2022-09-25,8.4,467440,existing_CODiS_export,2022,9,25
2022-09-26,9.2,467440,existing_CODiS_export,2022,9,26
2022-09-27,9.6,467440,existing_CODiS_export,2022,9,27
2022-09-28,10.3,467440,existing_CODiS_export,2022,9,28
2022-09-29,6.7,467440,existing_CODiS_export,2022,9,29
2022-09-30,8.0,467440,existing_CODiS_export,2022,9,30
2022-10-01,10.8,467440,existing_CODiS_export,2022,10,1
2022-10-02,8.6,467440,existing_CODiS_export,2022,10,2
2022-10-03,9.2,467440,existing_CODiS_export,2022,10,3
2022-10-04,9.7,467440,existing_CODiS_export,2022,10,4
2022-10-05,7.4,467440,existing_CODiS_export,2022,10,5
2022-10-06,5.0,467440,existing_CODiS_export,2022,10,6
2022-10-07,6.8,467440,existing_CODiS_export,2022,10,7
2022-10-08,3.0,467440,existing_CODiS_export,2022,10,8
2022-10-09,7.5,467440,existing_CODiS_export,2022,10,9
2022-10-10,4.7,467440,existing_CODiS_export,2022,10,10
2022-10-11,1.9,467440,existing_CODiS_export,2022,10,11
2022-10-12,10.0,467440,existing_CODiS_export,2022,10,12
2022-10-13,10.6,467440,existing_CODiS_export,2022,10,13
2022-10-14,9.4,467440,existing_CODiS_export,2022,10,14
2022-10-15,4.5,467440,existing_CODiS_export,2022,10,15
2022-10-16,1.7,467440,existing_CODiS_export,2022,10,16
2022-10-17,2.4,467440,existing_CODiS_export,2022,10,17
2022-10-18,5.7,467440,existing_CODiS_export,2022,10,18
2022-10-19,1.0,467440,existing_CODiS_export,2022,10,19
2022-10-20,8.6,467440,existing_CODiS_export,2022,10,20
2022-10-21,9.3,467440,existing_CODiS_export,2022,10,21
2022-10-22,0.4,467440,existing_CODiS_export,2022,10,22
2022-10-23,4.7,467440,existing_CODiS_export,2022,10,23
2022-10-24,3.3,467440,existing_CODiS_export,2022,10,24
2022-10-25,2.0,467440,existing_CODiS_export,2022,10,25
2022-10-26,8.9,467440,existing_CODiS_export,2022,10,26
2022-10-27,9.5,467440,existing_CODiS_export,2022,10,27
2022-10-28,9.5,467440,existing_CODiS_export,2022,10,28
2022-10-29,8.6,467440,existing_CODiS_export,2022,10,29
2022-10-30,0.3,467440,existing_CODiS_export,2022,10,30
2022-10-31,0.0,467440,existing_CODiS_export,2022,10,31
2022-11-01,2.5,467440,existing_CODiS_export,2022,11,1
2022-11-02,6.8,467440,existing_CODiS_export,2022,11,2
2022-11-03,5.2,467440,existing_CODiS_export,2022,11,3
2022-11-04,7.9,467440,existing_CODiS_export,2022,11,4
2022-11-05,0.6,467440,existing_CODiS_export,2022,11,5
2022-11-06,6.0,467440,existing_CODiS_export,2022,11,6
2022-11-07,5.2,467440,existing_CODiS_export,2022,11,7
2022-11-08,5.0,467440,existing_CODiS_export,2022,11,8
2022-11-09,9.8,467440,existing_CODiS_export,2022,11,9
2022-11-10,9.3,467440,existing_CODiS_export,2022,11,10
2022-11-11,9.1,467440,existing_CODiS_export,2022,11,11
2022-11-12,9.3,467440,existing_CODiS_export,2022,11,12
2022-11-13,7.3,467440,existing_CODiS_export,2022,11,13
2022-11-14,8.4,467440,existing_CODiS_export,2022,11,14
2022-11-15,9.0,467440,existing_CODiS_export,2022,11,15
2022-11-16,5.6,467440,existing_CODiS_export,2022,11,16
2022-11-17,8.9,467440,existing_CODiS_export,2022,11,17
2022-11-18,7.6,467440,existing_CODiS_export,2022,11,18
2022-11-19,8.9,467440,existing_CODiS_export,2022,11,19
2022-11-20,6.7,467440,existing_CODiS_export,2022,11,20
2022-11-21,5.6,467440,existing_CODiS_export,2022,11,21
2022-11-22,1.0,467440,existing_CODiS_export,2022,11,22
2022-11-23,2.0,467440,existing_CODiS_export,2022,11,23
2022-11-24,2.2,467440,existing_CODiS_export,2022,11,24
2022-11-25,9.1,467440,existing_CODiS_export,2022,11,25
2022-11-26,8.4,467440,existing_CODiS_export,2022,11,26
2022-11-27,1.9,467440,existing_CODiS_export,2022,11,27
2022-11-28,8.1,467440,existing_CODiS_export,2022,11,28
2022-11-29,10.1,467440,existing_CODiS_export,2022,11,29
2022-11-30,6.0,467440,existing_CODiS_export,2022,11,30
2022-12-01,9.2,467440,existing_CODiS_export,2022,12,1
2022-12-02,9.7,467440,existing_CODiS_export,2022,12,2
2022-12-03,9.9,467440,existing_CODiS_export,2022,12,3
2022-12-04,7.3,467440,existing_CODiS_export,2022,12,4
2022-12-05,8.7,467440,existing_CODiS_export,2022,12,5
2022-12-06,3.7,467440,existing_CODiS_export,2022,12,6
2022-12-07,8.8,467440,existing_CODiS_export,2022,12,7
2022-12-08,9.7,467440,existing_CODiS_export,2022,12,8
2022-12-09,10.0,467440,existing_CODiS_export,2022,12,9
2022-12-10,5.9,467440,existing_CODiS_export,2022,12,10
2022-12-11,7.3,467440,existing_CODiS_export,2022,12,11
2022-12-12,2.7,467440,existing_CODiS_export,2022,12,12
2022-12-13,7.8,467440,existing_CODiS_export,2022,12,13
2022-12-14,1.1,467440,existing_CODiS_export,2022,12,14
2022-12-15,8.2,467440,existing_CODiS_export,2022,12,15
2022-12-16,1.5,467440,existing_CODiS_export,2022,12,16
2022-12-17,0.0,467440,existing_CODiS_export,2022,12,17
2022-12-18,1.7,467440,existing_CODiS_export,2022,12,18
2022-12-19,6.7,467440,existing_CODiS_export,2022,12,19
2022-12-20,10.0,467440,existing_CODiS_export,2022,12,20
2022-12-21,9.5,467440,existing_CODiS_export,2022,12,21
2022-12-22,9.9,467440,existing_CODiS_export,2022,12,22
2022-12-23,9.7,467440,existing_CODiS_export,2022,12,23
2022-12-24,9.9,467440,existing_CODiS_export,2022,12,24
2022-12-25,9.9,467440,existing_CODiS_export,2022,12,25
2022-12-26,10.0,467440,existing_CODiS_export,2022,12,26
2022-12-27,9.7,467440,existing_CODiS_export,2022,12,27
2022-12-28,8.7,467440,existing_CODiS_export,2022,12,28
2022-12-29,0.0,467440,existing_CODiS_export,2022,12,29
2022-12-30,0.5,467440,existing_CODiS_export,2022,12,30
2022-12-31,2.4,467440,existing_CODiS_export,2022,12,31
2023-01-01,0.0,467440,existing_CODiS_export,2023,1,1
2023-01-02,0.1,467440,existing_CODiS_export,2023,1,2
2023-01-03,2.1,467440,existing_CODiS_export,2023,1,3
2023-01-04,9.5,467440,existing_CODiS_export,2023,1,4
2023-01-05,7.6,467440,existing_CODiS_export,2023,1,5
2023-01-06,6.8,467440,existing_CODiS_export,2023,1,6
2023-01-07,2.5,467440,existing_CODiS_export,2023,1,7
2023-01-08,7.4,467440,existing_CODiS_export,2023,1,8
2023-01-09,9.0,467440,existing_CODiS_export,2023,1,9
2023-01-10,1.4,467440,existing_CODiS_export,2023,1,10
2023-01-11,5.7,467440,existing_CODiS_export,2023,1,11
2023-01-12,3.9,467440,existing_CODiS_export,2023,1,12
2023-01-13,10.0,467440,existing_CODiS_export,2023,1,13
2023-01-14,7.1,467440,existing_CODiS_export,2023,1,14
2023-01-15,6.1,467440,existing_CODiS_export,2023,1,15
2023-01-16,8.2,467440,existing_CODiS_export,2023,1,16
2023-01-17,8.9,467440,existing_CODiS_export,2023,1,17
2023-01-18,6.0,467440,existing_CODiS_export,2023,1,18
2023-01-19,6.8,467440,existing_CODiS_export,2023,1,19
2023-01-20,2.1,467440,existing_CODiS_export,2023,1,20
2023-01-21,9.7,467440,existing_CODiS_export,2023,1,21
2023-01-22,8.9,467440,existing_CODiS_export,2023,1,22
2023-01-23,4.9,467440,existing_CODiS_export,2023,1,23
2023-01-24,7.7,467440,existing_CODiS_export,2023,1,24
2023-01-25,8.5,467440,existing_CODiS_export,2023,1,25
2023-01-26,10.5,467440,existing_CODiS_export,2023,1,26
2023-01-27,10.3,467440,existing_CODiS_export,2023,1,27
2023-01-28,4.6,467440,existing_CODiS_export,2023,1,28
2023-01-29,4.7,467440,existing_CODiS_export,2023,1,29
2023-01-30,10.4,467440,existing_CODiS_export,2023,1,30
2023-01-31,10.5,467440,existing_CODiS_export,2023,1,31
2023-02-01,1.4,467440,existing_CODiS_export,2023,2,1
2023-02-02,9.2,467440,existing_CODiS_export,2023,2,2
2023-02-03,5.0,467440,existing_CODiS_export,2023,2,3
2023-02-04,7.2,467440,existing_CODiS_export,2023,2,4
2023-02-05,2.3,467440,existing_CODiS_export,2023,2,5
2023-02-06,1.4,467440,existing_CODiS_export,2023,2,6
2023-02-07,10.1,467440,existing_CODiS_export,2023,2,7
2023-02-08,8.5,467440,existing_CODiS_export,2023,2,8
2023-02-09,4.3,467440,existing_CODiS_export,2023,2,9
2023-02-10,7.5,467440,existing_CODiS_export,2023,2,10
2023-02-11,10.3,467440,existing_CODiS_export,2023,2,11
2023-02-12,10.5,467440,existing_CODiS_export,2023,2,12
2023-02-13,10.7,467440,existing_CODiS_export,2023,2,13
2023-02-14,0.0,467440,existing_CODiS_export,2023,2,14
2023-02-15,4.6,467440,existing_CODiS_export,2023,2,15
2023-02-16,8.8,467440,existing_CODiS_export,2023,2,16
2023-02-17,10.2,467440,existing_CODiS_export,2023,2,17
2023-02-18,9.7,467440,existing_CODiS_export,2023,2,18
2023-02-19,7.3,467440,existing_CODiS_export,2023,2,19
2023-02-20,6.4,467440,existing_CODiS_export,2023,2,20
2023-02-21,5.2,467440,existing_CODiS_export,2023,2,21
2023-02-22,10.2,467440,existing_CODiS_export,2023,2,22
2023-02-23,9.4,467440,existing_CODiS_export,2023,2,23
2023-02-24,8.0,467440,existing_CODiS_export,2023,2,24
2023-02-25,2.5,467440,existing_CODiS_export,2023,2,25
2023-02-26,9.4,467440,existing_CODiS_export,2023,2,26
2023-02-27,8.1,467440,existing_CODiS_export,2023,2,27
2023-02-28,9.7,467440,existing_CODiS_export,2023,2,28
2023-03-01,10.2,467440,existing_CODiS_export,2023,3,1
2023-03-02,10.3,467440,existing_CODiS_export,2023,3,2
2023-03-03,10.5,467440,existing_CODiS_export,2023,3,3
2023-03-04,10.3,467440,existing_CODiS_export,2023,3,4
2023-03-05,10.8,467440,existing_CODiS_export,2023,3,5
2023-03-06,10.6,467440,existing_CODiS_export,2023,3,6
2023-03-07,9.5,467440,existing_CODiS_export,2023,3,7
2023-03-08,10.8,467440,existing_CODiS_export,2023,3,8
2023-03-09,10.6,467440,existing_CODiS_export,2023,3,9
2023-03-10,10.1,467440,existing_CODiS_export,2023,3,10
2023-03-11,10.4,467440,existing_CODiS_export,2023,3,11
2023-03-12,10.0,467440,existing_CODiS_export,2023,3,12
2023-03-13,3.6,467440,existing_CODiS_export,2023,3,13
2023-03-14,8.1,467440,existing_CODiS_export,2023,3,14
2023-03-15,10.2,467440,existing_CODiS_export,2023,3,15
2023-03-16,9.5,467440,existing_CODiS_export,2023,3,16
2023-03-17,9.8,467440,existing_CODiS_export,2023,3,17
2023-03-18,8.7,467440,existing_CODiS_export,2023,3,18
2023-03-19,9.6,467440,existing_CODiS_export,2023,3,19
2023-03-20,9.4,467440,existing_CODiS_export,2023,3,20
2023-03-21,9.4,467440,existing_CODiS_export,2023,3,21
2023-03-22,10.4,467440,existing_CODiS_export,2023,3,22
2023-03-23,9.9,467440,existing_CODiS_export,2023,3,23
2023-03-24,10.6,467440,existing_CODiS_export,2023,3,24
2023-03-25,9.0,467440,existing_CODiS_export,2023,3,25
2023-03-26,0.4,467440,existing_CODiS_export,2023,3,26
2023-03-27,4.9,467440,existing_CODiS_export,2023,3,27
2023-03-28,7.9,467440,existing_CODiS_export,2023,3,28
2023-03-29,5.6,467440,existing_CODiS_export,2023,3,29
2023-03-30,9.4,467440,existing_CODiS_export,2023,3,30
2023-03-31,8.6,467440,existing_CODiS_export,2023,3,31
2023-04-01,0.0,467440,existing_CODiS_export,2023,4,1
2023-04-02,10.7,467440,existing_CODiS_export,2023,4,2
2023-04-03,8.0,467440,existing_CODiS_export,2023,4,3
2023-04-04,9.5,467440,existing_CODiS_export,2023,4,4
2023-04-05,9.3,467440,existing_CODiS_export,2023,4,5
2023-04-06,5.2,467440,existing_CODiS_export,2023,4,6
2023-04-07,3.1,467440,existing_CODiS_export,2023,4,7
2023-04-08,7.5,467440,existing_CODiS_export,2023,4,8
2023-04-09,6.0,467440,existing_CODiS_export,2023,4,9
2023-04-10,8.2,467440,existing_CODiS_export,2023,4,10
2023-04-11,10.8,467440,existing_CODiS_export,2023,4,11
2023-04-12,7.3,467440,existing_CODiS_export,2023,4,12
2023-04-13,8.7,467440,existing_CODiS_export,2023,4,13
2023-04-14,10.2,467440,existing_CODiS_export,2023,4,14
2023-04-15,9.4,467440,existing_CODiS_export,2023,4,15
2023-04-16,8.8,467440,existing_CODiS_export,2023,4,16
2023-04-17,10.5,467440,existing_CODiS_export,2023,4,17
2023-04-18,7.2,467440,existing_CODiS_export,2023,4,18
2023-04-19,6.0,467440,existing_CODiS_export,2023,4,19
2023-04-20,1.5,467440,existing_CODiS_export,2023,4,20
2023-04-21,2.3,467440,existing_CODiS_export,2023,4,21
2023-04-22,7.3,467440,existing_CODiS_export,2023,4,22
2023-04-23,7.8,467440,existing_CODiS_export,2023,4,23
2023-04-24,5.0,467440,existing_CODiS_export,2023,4,24
2023-04-25,3.9,467440,existing_CODiS_export,2023,4,25
2023-04-26,6.5,467440,existing_CODiS_export,2023,4,26
2023-04-27,10.3,467440,existing_CODiS_export,2023,4,27
2023-04-28,10.5,467440,existing_CODiS_export,2023,4,28
2023-04-29,10.4,467440,existing_CODiS_export,2023,4,29
2023-04-30,10.7,467440,existing_CODiS_export,2023,4,30
2023-05-01,10.0,467440,existing_CODiS_export,2023,5,1
2023-05-02,10.4,467440,existing_CODiS_export,2023,5,2
2023-05-03,9.7,467440,existing_CODiS_export,2023,5,3
2023-05-04,12.1,467440,existing_CODiS_export,2023,5,4
2023-05-05,11.4,467440,existing_CODiS_export,2023,5,5
2023-05-06,12.0,467440,existing_CODiS_export,2023,5,6
2023-05-07,0.6,467440,existing_CODiS_export,2023,5,7
2023-05-08,1.4,467440,existing_CODiS_export,2023,5,8
2023-05-09,0.0,467440,existing_CODiS_export,2023,5,9
2023-05-10,11.0,467440,existing_CODiS_export,2023,5,10
2023-05-11,4.9,467440,existing_CODiS_export,2023,5,11
2023-05-12,2.9,467440,existing_CODiS_export,2023,5,12
2023-05-13,2.8,467440,existing_CODiS_export,2023,5,13
2023-05-14,0.1,467440,existing_CODiS_export,2023,5,14
2023-05-15,0.1,467440,existing_CODiS_export,2023,5,15
2023-05-16,0.9,467440,existing_CODiS_export,2023,5,16
2023-05-17,11.2,467440,existing_CODiS_export,2023,5,17
2023-05-18,5.4,467440,existing_CODiS_export,2023,5,18
2023-05-19,6.8,467440,existing_CODiS_export,2023,5,19
2023-05-20,9.8,467440,existing_CODiS_export,2023,5,20
2023-05-21,11.6,467440,existing_CODiS_export,2023,5,21
2023-05-22,9.7,467440,existing_CODiS_export,2023,5,22
2023-05-23,1.0,467440,existing_CODiS_export,2023,5,23
2023-05-24,4.7,467440,existing_CODiS_export,2023,5,24
2023-05-25,9.9,467440,existing_CODiS_export,2023,5,25
2023-05-26,6.3,467440,existing_CODiS_export,2023,5,26
2023-05-27,3.2,467440,existing_CODiS_export,2023,5,27
2023-05-28,9.6,467440,existing_CODiS_export,2023,5,28
2023-05-29,10.9,467440,existing_CODiS_export,2023,5,29
2023-05-30,4.9,467440,existing_CODiS_export,2023,5,30
2023-05-31,4.1,467440,existing_CODiS_export,2023,5,31
2023-06-01,7.5,467440,existing_CODiS_export,2023,6,1
2023-06-02,10.9,467440,existing_CODiS_export,2023,6,2
2023-06-03,5.6,467440,existing_CODiS_export,2023,6,3
2023-06-04,6.3,467440,existing_CODiS_export,2023,6,4
2023-06-05,9.4,467440,existing_CODiS_export,2023,6,5
2023-06-06,11.6,467440,existing_CODiS_export,2023,6,6
2023-06-07,10.4,467440,existing_CODiS_export,2023,6,7
2023-06-08,10.2,467440,existing_CODiS_export,2023,6,8
2023-06-09,10.3,467440,existing_CODiS_export,2023,6,9
2023-06-10,4.5,467440,existing_CODiS_export,2023,6,10
2023-06-11,0.7,467440,existing_CODiS_export,2023,6,11
2023-06-12,0.1,467440,existing_CODiS_export,2023,6,12
2023-06-13,0.7,467440,existing_CODiS_export,2023,6,13
2023-06-14,5.3,467440,existing_CODiS_export,2023,6,14
2023-06-15,0.0,467440,existing_CODiS_export,2023,6,15
2023-06-16,0.2,467440,existing_CODiS_export,2023,6,16
2023-06-17,3.5,467440,existing_CODiS_export,2023,6,17
2023-06-18,7.3,467440,existing_CODiS_export,2023,6,18
2023-06-19,11.2,467440,existing_CODiS_export,2023,6,19
2023-06-20,11.3,467440,existing_CODiS_export,2023,6,20
2023-06-21,11.3,467440,existing_CODiS_export,2023,6,21
2023-06-22,9.6,467440,existing_CODiS_export,2023,6,22
2023-06-23,8.0,467440,existing_CODiS_export,2023,6,23
2023-06-24,12.6,467440,existing_CODiS_export,2023,6,24
2023-06-25,12.2,467440,existing_CODiS_export,2023,6,25
2023-06-26,9.7,467440,existing_CODiS_export,2023,6,26
2023-06-27,8.6,467440,existing_CODiS_export,2023,6,27
2023-06-28,0.6,467440,existing_CODiS_export,2023,6,28
2023-06-29,5.3,467440,existing_CODiS_export,2023,6,29
2023-06-30,8.6,467440,existing_CODiS_export,2023,6,30
2023-07-01,1.6,467440,existing_CODiS_export,2023,7,1
2023-07-02,11.5,467440,existing_CODiS_export,2023,7,2
2023-07-03,10.4,467440,existing_CODiS_export,2023,7,3
2023-07-04,12.2,467440,existing_CODiS_export,2023,7,4
2023-07-05,12.4,467440,existing_CODiS_export,2023,7,5
2023-07-06,9.4,467440,existing_CODiS_export,2023,7,6
2023-07-07,11.4,467440,existing_CODiS_export,2023,7,7
2023-07-08,12.1,467440,existing_CODiS_export,2023,7,8
2023-07-09,10.4,467440,existing_CODiS_export,2023,7,9
2023-07-10,10.9,467440,existing_CODiS_export,2023,7,10
2023-07-11,4.9,467440,existing_CODiS_export,2023,7,11
2023-07-12,10.1,467440,existing_CODiS_export,2023,7,12
2023-07-13,6.2,467440,existing_CODiS_export,2023,7,13
2023-07-14,8.3,467440,existing_CODiS_export,2023,7,14
2023-07-15,8.7,467440,existing_CODiS_export,2023,7,15
2023-07-16,3.3,467440,existing_CODiS_export,2023,7,16
2023-07-17,11.1,467440,existing_CODiS_export,2023,7,17
2023-07-18,3.3,467440,existing_CODiS_export,2023,7,18
2023-07-19,1.5,467440,existing_CODiS_export,2023,7,19
2023-07-20,6.3,467440,existing_CODiS_export,2023,7,20
2023-07-21,11.9,467440,existing_CODiS_export,2023,7,21
2023-07-22,10.3,467440,existing_CODiS_export,2023,7,22
2023-07-23,7.2,467440,existing_CODiS_export,2023,7,23
2023-07-24,9.5,467440,existing_CODiS_export,2023,7,24
2023-07-25,9.0,467440,existing_CODiS_export,2023,7,25
2023-07-26,0.0,467440,existing_CODiS_export,2023,7,26
2023-07-27,0.0,467440,existing_CODiS_export,2023,7,27
2023-07-28,0.0,467440,existing_CODiS_export,2023,7,28
2023-07-29,7.7,467440,existing_CODiS_export,2023,7,29
2023-07-30,2.2,467440,existing_CODiS_export,2023,7,30
2023-07-31,7.5,467440,existing_CODiS_export,2023,7,31
2023-08-01,11.0,467440,existing_CODiS_export,2023,8,1
2023-08-02,3.6,467440,existing_CODiS_export,2023,8,2
2023-08-03,0.7,467440,existing_CODiS_export,2023,8,3
2023-08-04,1.0,467440,existing_CODiS_export,2023,8,4
2023-08-05,0.9,467440,existing_CODiS_export,2023,8,5
2023-08-06,0.5,467440,existing_CODiS_export,2023,8,6
2023-08-07,2.5,467440,existing_CODiS_export,2023,8,7
2023-08-08,2.9,467440,existing_CODiS_export,2023,8,8
2023-08-09,5.6,467440,existing_CODiS_export,2023,8,9
2023-08-10,0.0,467440,existing_CODiS_export,2023,8,10
2023-08-11,0.0,467440,existing_CODiS_export,2023,8,11
2023-08-12,8.5,467440,existing_CODiS_export,2023,8,12
2023-08-13,5.8,467440,existing_CODiS_export,2023,8,13
2023-08-14,2.6,467440,existing_CODiS_export,2023,8,14
2023-08-15,1.6,467440,existing_CODiS_export,2023,8,15
2023-08-16,1.5,467440,existing_CODiS_export,2023,8,16
2023-08-17,0.5,467440,existing_CODiS_export,2023,8,17
2023-08-18,1.5,467440,existing_CODiS_export,2023,8,18
2023-08-19,1.7,467440,existing_CODiS_export,2023,8,19
2023-08-20,10.4,467440,existing_CODiS_export,2023,8,20
2023-08-21,11.6,467440,existing_CODiS_export,2023,8,21
2023-08-22,11.1,467440,existing_CODiS_export,2023,8,22
2023-08-23,10.9,467440,existing_CODiS_export,2023,8,23
2023-08-24,8.7,467440,existing_CODiS_export,2023,8,24
2023-08-25,10.6,467440,existing_CODiS_export,2023,8,25
2023-08-26,8.8,467440,existing_CODiS_export,2023,8,26
2023-08-27,9.8,467440,existing_CODiS_export,2023,8,27
2023-08-28,11.6,467440,existing_CODiS_export,2023,8,28
2023-08-29,8.0,467440,existing_CODiS_export,2023,8,29
2023-08-30,0.0,467440,existing_CODiS_export,2023,8,30
2023-08-31,0.2,467440,existing_CODiS_export,2023,8,31
2023-09-01,5.2,467440,existing_CODiS_export,2023,9,1
2023-09-02,2.6,467440,existing_CODiS_export,2023,9,2
2023-09-03,0.0,467440,existing_CODiS_export,2023,9,3
2023-09-04,0.2,467440,existing_CODiS_export,2023,9,4
2023-09-05,3.1,467440,existing_CODiS_export,2023,9,5
2023-09-06,7.3,467440,existing_CODiS_export,2023,9,6
2023-09-07,2.2,467440,existing_CODiS_export,2023,9,7
2023-09-08,0.0,467440,existing_CODiS_export,2023,9,8
2023-09-09,0.1,467440,existing_CODiS_export,2023,9,9
2023-09-10,0.0,467440,existing_CODiS_export,2023,9,10
2023-09-11,7.7,467440,existing_CODiS_export,2023,9,11
2023-09-12,8.6,467440,existing_CODiS_export,2023,9,12
2023-09-13,8.3,467440,existing_CODiS_export,2023,9,13
2023-09-14,7.9,467440,existing_CODiS_export,2023,9,14
2023-09-15,8.3,467440,existing_CODiS_export,2023,9,15
2023-09-16,9.8,467440,existing_CODiS_export,2023,9,16
2023-09-17,7.6,467440,existing_CODiS_export,2023,9,17
2023-09-18,7.8,467440,existing_CODiS_export,2023,9,18
2023-09-19,9.9,467440,existing_CODiS_export,2023,9,19
2023-09-20,11.0,467440,existing_CODiS_export,2023,9,20
2023-09-21,9.8,467440,existing_CODiS_export,2023,9,21
2023-09-22,7.9,467440,existing_CODiS_export,2023,9,22
2023-09-23,6.4,467440,existing_CODiS_export,2023,9,23
2023-09-24,9.7,467440,existing_CODiS_export,2023,9,24
2023-09-25,6.4,467440,existing_CODiS_export,2023,9,25
2023-09-26,9.1,467440,existing_CODiS_export,2023,9,26
2023-09-27,6.6,467440,existing_CODiS_export,2023,9,27
2023-09-28,6.0,467440,existing_CODiS_export,2023,9,28
2023-09-29,9.7,467440,existing_CODiS_export,2023,9,29
2023-09-30,9.9,467440,existing_CODiS_export,2023,9,30
2023-10-01,6.8,467440,existing_CODiS_export,2023,10,1
2023-10-02,7.9,467440,existing_CODiS_export,2023,10,2
2023-10-03,9.5,467440,existing_CODiS_export,2023,10,3
2023-10-04,0.0,467440,existing_CODiS_export,2023,10,4
2023-10-05,0.0,467440,existing_CODiS_export,2023,10,5
2023-10-06,0.0,467440,existing_CODiS_export,2023,10,6
2023-10-07,4.5,467440,existing_CODiS_export,2023,10,7
2023-10-08,1.0,467440,existing_CODiS_export,2023,10,8
2023-10-09,9.0,467440,existing_CODiS_export,2023,10,9
2023-10-10,6.7,467440,existing_CODiS_export,2023,10,10
2023-10-11,9.7,467440,existing_CODiS_export,2023,10,11
2023-10-12,6.7,467440,existing_CODiS_export,2023,10,12
2023-10-13,8.4,467440,existing_CODiS_export,2023,10,13
2023-10-14,7.2,467440,existing_CODiS_export,2023,10,14
2023-10-15,0.6,467440,existing_CODiS_export,2023,10,15
2023-10-16,0.0,467440,existing_CODiS_export,2023,10,16
2023-10-17,0.0,467440,existing_CODiS_export,2023,10,17
2023-10-18,1.0,467440,existing_CODiS_export,2023,10,18
2023-10-19,8.5,467440,existing_CODiS_export,2023,10,19
2023-10-20,7.8,467440,existing_CODiS_export,2023,10,20
2023-10-21,6.6,467440,existing_CODiS_export,2023,10,21
2023-10-22,9.1,467440,existing_CODiS_export,2023,10,22
2023-10-23,9.4,467440,existing_CODiS_export,2023,10,23
2023-10-24,7.4,467440,existing_CODiS_export,2023,10,24
2023-10-25,8.7,467440,existing_CODiS_export,2023,10,25
2023-10-26,8.5,467440,existing_CODiS_export,2023,10,26
2023-10-27,8.1,467440,existing_CODiS_export,2023,10,27
2023-10-28,8.4,467440,existing_CODiS_export,2023,10,28
2023-10-29,5.9,467440,existing_CODiS_export,2023,10,29
2023-10-30,7.9,467440,existing_CODiS_export,2023,10,30
2023-10-31,8.7,467440,existing_CODiS_export,2023,10,31
2023-11-01,9.8,467440,existing_CODiS_export,2023,11,1
2023-11-02,9.1,467440,existing_CODiS_export,2023,11,2
2023-11-03,9.3,467440,existing_CODiS_export,2023,11,3
2023-11-04,10.2,467440,existing_CODiS_export,2023,11,4
2023-11-05,10.2,467440,existing_CODiS_export,2023,11,5
2023-11-06,9.7,467440,existing_CODiS_export,2023,11,6
2023-11-07,4.9,467440,existing_CODiS_export,2023,11,7
2023-11-08,8.5,467440,existing_CODiS_export,2023,11,8
2023-11-09,8.6,467440,existing_CODiS_export,2023,11,9
2023-11-10,9.6,467440,existing_CODiS_export,2023,11,10
2023-11-11,7.6,467440,existing_CODiS_export,2023,11,11
2023-11-12,4.9,467440,existing_CODiS_export,2023,11,12
2023-11-13,6.6,467440,existing_CODiS_export,2023,11,13
2023-11-14,8.1,467440,existing_CODiS_export,2023,11,14
2023-11-15,9.6,467440,existing_CODiS_export,2023,11,15
2023-11-16,9.7,467440,existing_CODiS_export,2023,11,16
2023-11-17,5.2,467440,existing_CODiS_export,2023,11,17
2023-11-18,9.0,467440,existing_CODiS_export,2023,11,18
2023-11-19,10.1,467440,existing_CODiS_export,2023,11,19
2023-11-20,9.5,467440,existing_CODiS_export,2023,11,20
2023-11-21,10.4,467440,existing_CODiS_export,2023,11,21
2023-11-22,10.4,467440,existing_CODiS_export,2023,11,22
2023-11-23,10.2,467440,existing_CODiS_export,2023,11,23
2023-11-24,9.7,467440,existing_CODiS_export,2023,11,24
2023-11-25,9.8,467440,existing_CODiS_export,2023,11,25
2023-11-26,10.1,467440,existing_CODiS_export,2023,11,26
2023-11-27,4.5,467440,existing_CODiS_export,2023,11,27
2023-11-28,6.1,467440,existing_CODiS_export,2023,11,28
2023-11-29,3.8,467440,existing_CODiS_export,2023,11,29
2023-11-30,1.4,467440,existing_CODiS_export,2023,11,30
2023-12-01,1.1,467440,existing_CODiS_export,2023,12,1
2023-12-02,7.8,467440,existing_CODiS_export,2023,12,2
2023-12-03,0.5,467440,existing_CODiS_export,2023,12,3
2023-12-04,2.7,467440,existing_CODiS_export,2023,12,4
2023-12-05,5.8,467440,existing_CODiS_export,2023,12,5
2023-12-06,6.6,467440,existing_CODiS_export,2023,12,6
2023-12-07,7.5,467440,existing_CODiS_export,2023,12,7
2023-12-08,5.6,467440,existing_CODiS_export,2023,12,8
2023-12-09,8.3,467440,existing_CODiS_export,2023,12,9
2023-12-10,8.7,467440,existing_CODiS_export,2023,12,10
2023-12-11,2.4,467440,existing_CODiS_export,2023,12,11
2023-12-12,5.8,467440,existing_CODiS_export,2023,12,12
2023-12-13,8.5,467440,existing_CODiS_export,2023,12,13
2023-12-14,6.2,467440,existing_CODiS_export,2023,12,14
2023-12-15,8.9,467440,existing_CODiS_export,2023,12,15
2023-12-16,7.4,467440,existing_CODiS_export,2023,12,16
2023-12-17,4.2,467440,existing_CODiS_export,2023,12,17
2023-12-18,8.1,467440,existing_CODiS_export,2023,12,18
2023-12-19,0.9,467440,existing_CODiS_export,2023,12,19
2023-12-20,0.0,467440,existing_CODiS_export,2023,12,20
2023-12-21,0.4,467440,existing_CODiS_export,2023,12,21
2023-12-22,6.2,467440,existing_CODiS_export,2023,12,22
2023-12-23,0.0,467440,existing_CODiS_export,2023,12,23
2023-12-24,7.1,467440,existing_CODiS_export,2023,12,24
2023-12-25,9.7,467440,existing_CODiS_export,2023,12,25
2023-12-26,0.8,467440,existing_CODiS_export,2023,12,26
2023-12-27,0.0,467440,existing_CODiS_export,2023,12,27
2023-12-28,0.0,467440,existing_CODiS_export,2023,12,28
2023-12-29,7.4,467440,existing_CODiS_export,2023,12,29
2023-12-30,1.0,467440,existing_CODiS_export,2023,12,30
2023-12-31,9.2,467440,existing_CODiS_export,2023,12,31
2024-01-01,2.4,467440,existing_CODiS_export,2024,1,1
2024-01-02,3.8,467440,existing_CODiS_export,2024,1,2
2024-01-03,8.8,467440,existing_CODiS_export,2024,1,3
2024-01-04,8.8,467440,existing_CODiS_export,2024,1,4
2024-01-05,9.8,467440,existing_CODiS_export,2024,1,5
2024-01-06,7.5,467440,existing_CODiS_export,2024,1,6
2024-01-07,3.2,467440,existing_CODiS_export,2024,1,7
2024-01-08,4.8,467440,existing_CODiS_export,2024,1,8
2024-01-09,3.3,467440,existing_CODiS_export,2024,1,9
2024-01-10,9.7,467440,existing_CODiS_export,2024,1,10
2024-01-11,9.0,467440,existing_CODiS_export,2024,1,11
2024-01-12,10.0,467440,existing_CODiS_export,2024,1,12
2024-01-13,9.9,467440,existing_CODiS_export,2024,1,13
2024-01-14,10.0,467440,existing_CODiS_export,2024,1,14
2024-01-15,10.1,467440,existing_CODiS_export,2024,1,15
2024-01-16,4.1,467440,existing_CODiS_export,2024,1,16
2024-01-17,8.4,467440,existing_CODiS_export,2024,1,17
2024-01-18,4.7,467440,existing_CODiS_export,2024,1,18
2024-01-19,7.7,467440,existing_CODiS_export,2024,1,19
2024-01-20,7.4,467440,existing_CODiS_export,2024,1,20
2024-01-21,7.9,467440,existing_CODiS_export,2024,1,21
2024-01-22,3.6,467440,existing_CODiS_export,2024,1,22
2024-01-23,0.7,467440,existing_CODiS_export,2024,1,23
2024-01-24,3.3,467440,existing_CODiS_export,2024,1,24
2024-01-25,5.4,467440,existing_CODiS_export,2024,1,25
2024-01-26,9.7,467440,existing_CODiS_export,2024,1,26
2024-01-27,8.4,467440,existing_CODiS_export,2024,1,27
2024-01-28,7.0,467440,existing_CODiS_export,2024,1,28
2024-01-29,9.3,467440,existing_CODiS_export,2024,1,29
2024-01-30,8.6,467440,existing_CODiS_export,2024,1,30
2024-01-31,9.7,467440,existing_CODiS_export,2024,1,31
2024-02-01,10.3,467440,existing_CODiS_export,2024,2,1
2024-02-02,8.4,467440,existing_CODiS_export,2024,2,2
2024-02-03,3.1,467440,existing_CODiS_export,2024,2,3
2024-02-04,0.9,467440,existing_CODiS_export,2024,2,4
2024-02-05,5.4,467440,existing_CODiS_export,2024,2,5
2024-02-06,5.2,467440,existing_CODiS_export,2024,2,6
2024-02-07,7.3,467440,existing_CODiS_export,2024,2,7
2024-02-08,4.4,467440,existing_CODiS_export,2024,2,8
2024-02-09,7.5,467440,existing_CODiS_export,2024,2,9
2024-02-10,1.2,467440,existing_CODiS_export,2024,2,10
2024-02-11,8.4,467440,existing_CODiS_export,2024,2,11
2024-02-12,10.4,467440,existing_CODiS_export,2024,2,12
2024-02-13,10.6,467440,existing_CODiS_export,2024,2,13
2024-02-14,10.8,467440,existing_CODiS_export,2024,2,14
2024-02-15,8.3,467440,existing_CODiS_export,2024,2,15
2024-02-16,7.8,467440,existing_CODiS_export,2024,2,16
2024-02-17,9.8,467440,existing_CODiS_export,2024,2,17
2024-02-18,10.6,467440,existing_CODiS_export,2024,2,18
2024-02-19,9.7,467440,existing_CODiS_export,2024,2,19
2024-02-20,11.0,467440,existing_CODiS_export,2024,2,20
2024-02-21,11.0,467440,existing_CODiS_export,2024,2,21
2024-02-22,10.8,467440,existing_CODiS_export,2024,2,22
2024-02-23,10.7,467440,existing_CODiS_export,2024,2,23
2024-02-24,8.6,467440,existing_CODiS_export,2024,2,24
2024-02-25,6.8,467440,existing_CODiS_export,2024,2,25
2024-02-26,2.7,467440,existing_CODiS_export,2024,2,26
2024-02-27,2.7,467440,existing_CODiS_export,2024,2,27
2024-02-28,10.2,467440,existing_CODiS_export,2024,2,28
2024-02-29,8.8,467440,existing_CODiS_export,2024,2,29
2024-03-01,0.5,467440,existing_CODiS_export,2024,3,1
2024-03-02,0.0,467440,existing_CODiS_export,2024,3,2
2024-03-03,10.0,467440,existing_CODiS_export,2024,3,3
2024-03-04,8.2,467440,existing_CODiS_export,2024,3,4
2024-03-05,9.7,467440,existing_CODiS_export,2024,3,5
2024-03-06,9.2,467440,existing_CODiS_export,2024,3,6
2024-03-07,0.6,467440,existing_CODiS_export,2024,3,7
2024-03-08,3.7,467440,existing_CODiS_export,2024,3,8
2024-03-09,2.9,467440,existing_CODiS_export,2024,3,9
2024-03-10,2.7,467440,existing_CODiS_export,2024,3,10
2024-03-11,3.6,467440,existing_CODiS_export,2024,3,11
2024-03-12,11.0,467440,existing_CODiS_export,2024,3,12
2024-03-13,6.1,467440,existing_CODiS_export,2024,3,13
2024-03-14,6.1,467440,existing_CODiS_export,2024,3,14
2024-03-15,10.6,467440,existing_CODiS_export,2024,3,15
2024-03-16,9.7,467440,existing_CODiS_export,2024,3,16
2024-03-17,10.0,467440,existing_CODiS_export,2024,3,17
2024-03-18,5.4,467440,existing_CODiS_export,2024,3,18
2024-03-19,8.0,467440,existing_CODiS_export,2024,3,19
2024-03-20,9.7,467440,existing_CODiS_export,2024,3,20
2024-03-21,8.4,467440,existing_CODiS_export,2024,3,21
2024-03-22,10.4,467440,existing_CODiS_export,2024,3,22
2024-03-23,9.6,467440,existing_CODiS_export,2024,3,23
2024-03-24,10.4,467440,existing_CODiS_export,2024,3,24
2024-03-25,11.2,467440,existing_CODiS_export,2024,3,25
2024-03-26,8.6,467440,existing_CODiS_export,2024,3,26
2024-03-27,8.1,467440,existing_CODiS_export,2024,3,27
2024-03-28,4.2,467440,existing_CODiS_export,2024,3,28
2024-03-29,5.0,467440,existing_CODiS_export,2024,3,29
2024-03-30,7.0,467440,existing_CODiS_export,2024,3,30
2024-03-31,9.7,467440,existing_CODiS_export,2024,3,31
2024-04-01,6.3,467440,existing_CODiS_export,2024,4,1
2024-04-02,10.8,467440,existing_CODiS_export,2024,4,2
2024-04-03,11.0,467440,existing_CODiS_export,2024,4,3
2024-04-04,11.5,467440,existing_CODiS_export,2024,4,4
2024-04-05,10.3,467440,existing_CODiS_export,2024,4,5
2024-04-06,9.2,467440,existing_CODiS_export,2024,4,6
2024-04-07,6.5,467440,existing_CODiS_export,2024,4,7
2024-04-08,4.8,467440,existing_CODiS_export,2024,4,8
2024-04-09,3.2,467440,existing_CODiS_export,2024,4,9
2024-04-10,2.4,467440,existing_CODiS_export,2024,4,10
2024-04-11,8.8,467440,existing_CODiS_export,2024,4,11
2024-04-12,9.3,467440,existing_CODiS_export,2024,4,12
2024-04-13,8.4,467440,existing_CODiS_export,2024,4,13
2024-04-14,10.1,467440,existing_CODiS_export,2024,4,14
2024-04-15,10.1,467440,existing_CODiS_export,2024,4,15
2024-04-16,9.4,467440,existing_CODiS_export,2024,4,16
2024-04-17,9.6,467440,existing_CODiS_export,2024,4,17
2024-04-18,7.8,467440,existing_CODiS_export,2024,4,18
2024-04-19,6.6,467440,existing_CODiS_export,2024,4,19
2024-04-20,11.1,467440,existing_CODiS_export,2024,4,20
2024-04-21,10.4,467440,existing_CODiS_export,2024,4,21
2024-04-22,7.0,467440,existing_CODiS_export,2024,4,22
2024-04-23,2.1,467440,existing_CODiS_export,2024,4,23
2024-04-24,0.2,467440,existing_CODiS_export,2024,4,24
2024-04-25,0.1,467440,existing_CODiS_export,2024,4,25
2024-04-26,0.0,467440,existing_CODiS_export,2024,4,26
2024-04-27,0.8,467440,existing_CODiS_export,2024,4,27
2024-04-28,1.6,467440,existing_CODiS_export,2024,4,28
2024-04-29,8.2,467440,existing_CODiS_export,2024,4,29
2024-04-30,10.3,467440,existing_CODiS_export,2024,4,30
2024-05-01,0.8,467440,existing_CODiS_export,2024,5,1
2024-05-02,8.6,467440,existing_CODiS_export,2024,5,2
2024-05-03,9.8,467440,existing_CODiS_export,2024,5,3
2024-05-04,11.2,467440,existing_CODiS_export,2024,5,4
2024-05-05,7.3,467440,existing_CODiS_export,2024,5,5
2024-05-06,11.1,467440,existing_CODiS_export,2024,5,6
2024-05-07,10.8,467440,existing_CODiS_export,2024,5,7
2024-05-08,9.6,467440,existing_CODiS_export,2024,5,8
2024-05-09,3.1,467440,existing_CODiS_export,2024,5,9
2024-05-10,9.2,467440,existing_CODiS_export,2024,5,10
2024-05-11,11.3,467440,existing_CODiS_export,2024,5,11
2024-05-12,2.6,467440,existing_CODiS_export,2024,5,12
2024-05-13,4.5,467440,existing_CODiS_export,2024,5,13
2024-05-14,2.0,467440,existing_CODiS_export,2024,5,14
2024-05-15,7.3,467440,existing_CODiS_export,2024,5,15
2024-05-16,6.4,467440,existing_CODiS_export,2024,5,16
2024-05-17,0.9,467440,existing_CODiS_export,2024,5,17
2024-05-18,4.0,467440,existing_CODiS_export,2024,5,18
2024-05-19,2.7,467440,existing_CODiS_export,2024,5,19
2024-05-20,0.0,467440,existing_CODiS_export,2024,5,20
2024-05-21,0.8,467440,existing_CODiS_export,2024,5,21
2024-05-22,2.1,467440,existing_CODiS_export,2024,5,22
2024-05-23,3.3,467440,existing_CODiS_export,2024,5,23
2024-05-24,0.9,467440,existing_CODiS_export,2024,5,24
2024-05-25,3.6,467440,existing_CODiS_export,2024,5,25
2024-05-26,0.0,467440,existing_CODiS_export,2024,5,26
2024-05-27,0.4,467440,existing_CODiS_export,2024,5,27
2024-05-28,0.0,467440,existing_CODiS_export,2024,5,28
2024-05-29,2.7,467440,existing_CODiS_export,2024,5,29
2024-05-30,5.2,467440,existing_CODiS_export,2024,5,30
2024-05-31,3.8,467440,existing_CODiS_export,2024,5,31
2024-06-01,5.0,467440,existing_CODiS_export,2024,6,1
2024-06-02,0.2,467440,existing_CODiS_export,2024,6,2
2024-06-03,4.6,467440,existing_CODiS_export,2024,6,3
2024-06-04,0.8,467440,existing_CODiS_export,2024,6,4
2024-06-05,0.6,467440,existing_CODiS_export,2024,6,5
2024-06-06,0.1,467440,existing_CODiS_export,2024,6,6
2024-06-07,5.4,467440,existing_CODiS_export,2024,6,7
2024-06-08,9.0,467440,existing_CODiS_export,2024,6,8
2024-06-09,7.8,467440,existing_CODiS_export,2024,6,9
2024-06-10,5.4,467440,existing_CODiS_export,2024,6,10
2024-06-11,2.2,467440,existing_CODiS_export,2024,6,11
2024-06-12,2.7,467440,existing_CODiS_export,2024,6,12
2024-06-13,2.6,467440,existing_CODiS_export,2024,6,13
2024-06-14,5.5,467440,existing_CODiS_export,2024,6,14
2024-06-15,11.2,467440,existing_CODiS_export,2024,6,15
2024-06-16,7.5,467440,existing_CODiS_export,2024,6,16
2024-06-17,5.9,467440,existing_CODiS_export,2024,6,17
2024-06-18,11.6,467440,existing_CODiS_export,2024,6,18
2024-06-19,10.3,467440,existing_CODiS_export,2024,6,19
2024-06-20,8.3,467440,existing_CODiS_export,2024,6,20
2024-06-21,9.4,467440,existing_CODiS_export,2024,6,21
2024-06-22,11.0,467440,existing_CODiS_export,2024,6,22
2024-06-23,8.9,467440,existing_CODiS_export,2024,6,23
2024-06-24,9.9,467440,existing_CODiS_export,2024,6,24
2024-06-25,9.9,467440,existing_CODiS_export,2024,6,25
2024-06-26,9.9,467440,existing_CODiS_export,2024,6,26
2024-06-27,10.8,467440,existing_CODiS_export,2024,6,27
2024-06-28,11.3,467440,existing_CODiS_export,2024,6,28
2024-06-29,6.9,467440,existing_CODiS_export,2024,6,29
2024-06-30,10.3,467440,existing_CODiS_export,2024,6,30
2024-07-01,10.9,467440,existing_CODiS_export,2024,7,1
2024-07-02,10.5,467440,existing_CODiS_export,2024,7,2
2024-07-03,12.8,467440,existing_CODiS_export,2024,7,3
2024-07-04,8.8,467440,existing_CODiS_export,2024,7,4
2024-07-05,5.2,467440,existing_CODiS_export,2024,7,5
2024-07-06,8.5,467440,existing_CODiS_export,2024,7,6
2024-07-07,6.8,467440,existing_CODiS_export,2024,7,7
2024-07-08,5.9,467440,existing_CODiS_export,2024,7,8
2024-07-09,9.5,467440,existing_CODiS_export,2024,7,9
2024-07-10,11.8,467440,existing_CODiS_export,2024,7,10
2024-07-11,10.2,467440,existing_CODiS_export,2024,7,11
2024-07-12,12.4,467440,existing_CODiS_export,2024,7,12
2024-07-13,8.3,467440,existing_CODiS_export,2024,7,13
2024-07-14,10.2,467440,existing_CODiS_export,2024,7,14
2024-07-15,7.3,467440,existing_CODiS_export,2024,7,15
2024-07-16,10.4,467440,existing_CODiS_export,2024,7,16
2024-07-17,9.2,467440,existing_CODiS_export,2024,7,17
2024-07-18,10.3,467440,existing_CODiS_export,2024,7,18
2024-07-19,9.1,467440,existing_CODiS_export,2024,7,19
2024-07-20,7.5,467440,existing_CODiS_export,2024,7,20
2024-07-21,4.1,467440,existing_CODiS_export,2024,7,21
2024-07-22,10.5,467440,existing_CODiS_export,2024,7,22
2024-07-23,4.8,467440,existing_CODiS_export,2024,7,23
2024-07-24,0.0,467440,existing_CODiS_export,2024,7,24
2024-07-25,0.0,467440,existing_CODiS_export,2024,7,25
2024-07-26,0.0,467440,existing_CODiS_export,2024,7,26
2024-07-27,0.6,467440,existing_CODiS_export,2024,7,27
2024-07-28,9.3,467440,existing_CODiS_export,2024,7,28
2024-07-29,1.1,467440,existing_CODiS_export,2024,7,29
2024-07-30,10.8,467440,existing_CODiS_export,2024,7,30
2024-07-31,8.3,467440,existing_CODiS_export,2024,7,31
2024-08-01,9.4,467440,existing_CODiS_export,2024,8,1
2024-08-02,9.6,467440,existing_CODiS_export,2024,8,2
2024-08-03,11.1,467440,existing_CODiS_export,2024,8,3
2024-08-04,10.8,467440,existing_CODiS_export,2024,8,4
2024-08-05,8.8,467440,existing_CODiS_export,2024,8,5
2024-08-06,1.7,467440,existing_CODiS_export,2024,8,6
2024-08-07,11.0,467440,existing_CODiS_export,2024,8,7
2024-08-08,9.3,467440,existing_CODiS_export,2024,8,8
2024-08-09,0.0,467440,existing_CODiS_export,2024,8,9
2024-08-10,0.0,467440,existing_CODiS_export,2024,8,10
2024-08-11,6.3,467440,existing_CODiS_export,2024,8,11
2024-08-12,11.0,467440,existing_CODiS_export,2024,8,12
2024-08-13,4.2,467440,existing_CODiS_export,2024,8,13
2024-08-14,5.1,467440,existing_CODiS_export,2024,8,14
2024-08-15,1.4,467440,existing_CODiS_export,2024,8,15
2024-08-16,4.0,467440,existing_CODiS_export,2024,8,16
2024-08-17,0.0,467440,existing_CODiS_export,2024,8,17
2024-08-18,2.7,467440,existing_CODiS_export,2024,8,18
2024-08-19,0.0,467440,existing_CODiS_export,2024,8,19
2024-08-20,2.1,467440,existing_CODiS_export,2024,8,20
2024-08-21,9.5,467440,existing_CODiS_export,2024,8,21
2024-08-22,12.2,467440,existing_CODiS_export,2024,8,22
2024-08-23,11.6,467440,existing_CODiS_export,2024,8,23
2024-08-24,7.7,467440,existing_CODiS_export,2024,8,24
2024-08-25,11.9,467440,existing_CODiS_export,2024,8,25
2024-08-26,8.2,467440,existing_CODiS_export,2024,8,26
2024-08-27,11.2,467440,existing_CODiS_export,2024,8,27
2024-08-28,10.5,467440,existing_CODiS_export,2024,8,28
2024-08-29,10.4,467440,existing_CODiS_export,2024,8,29
2024-08-30,9.2,467440,existing_CODiS_export,2024,8,30
2024-08-31,7.9,467440,existing_CODiS_export,2024,8,31
2024-09-01,10.0,467440,existing_CODiS_export,2024,9,1
2024-09-02,9.1,467440,existing_CODiS_export,2024,9,2
2024-09-03,3.3,467440,existing_CODiS_export,2024,9,3
2024-09-04,2.0,467440,existing_CODiS_export,2024,9,4
2024-09-05,3.0,467440,existing_CODiS_export,2024,9,5
2024-09-06,6.3,467440,existing_CODiS_export,2024,9,6
2024-09-07,1.6,467440,existing_CODiS_export,2024,9,7
2024-09-08,5.6,467440,existing_CODiS_export,2024,9,8
2024-09-09,10.0,467440,existing_CODiS_export,2024,9,9
2024-09-10,9.9,467440,existing_CODiS_export,2024,9,10
2024-09-11,9.9,467440,existing_CODiS_export,2024,9,11
2024-09-12,4.8,467440,existing_CODiS_export,2024,9,12
2024-09-13,7.7,467440,existing_CODiS_export,2024,9,13
2024-09-14,2.3,467440,existing_CODiS_export,2024,9,14
2024-09-15,11.1,467440,existing_CODiS_export,2024,9,15
2024-09-16,8.8,467440,existing_CODiS_export,2024,9,16
2024-09-17,10.5,467440,existing_CODiS_export,2024,9,17
2024-09-18,7.2,467440,existing_CODiS_export,2024,9,18
2024-09-19,6.3,467440,existing_CODiS_export,2024,9,19
2024-09-20,4.4,467440,existing_CODiS_export,2024,9,20
2024-09-21,2.4,467440,existing_CODiS_export,2024,9,21
2024-09-22,0.0,467440,existing_CODiS_export,2024,9,22
2024-09-23,3.7,467440,existing_CODiS_export,2024,9,23
2024-09-24,10.2,467440,existing_CODiS_export,2024,9,24
2024-09-25,8.7,467440,existing_CODiS_export,2024,9,25
2024-09-26,9.8,467440,existing_CODiS_export,2024,9,26
2024-09-27,5.5,467440,existing_CODiS_export,2024,9,27
2024-09-28,8.5,467440,existing_CODiS_export,2024,9,28
2024-09-29,3.8,467440,existing_CODiS_export,2024,9,29
2024-09-30,0.1,467440,existing_CODiS_export,2024,9,30
2024-10-01,0.0,467440,existing_CODiS_export,2024,10,1
2024-10-02,0.0,467440,existing_CODiS_export,2024,10,2
2024-10-03,0.0,467440,existing_CODiS_export,2024,10,3
2024-10-04,2.7,467440,existing_CODiS_export,2024,10,4
2024-10-05,6.3,467440,existing_CODiS_export,2024,10,5
2024-10-06,6.7,467440,existing_CODiS_export,2024,10,6
2024-10-07,9.9,467440,existing_CODiS_export,2024,10,7
2024-10-08,8.0,467440,existing_CODiS_export,2024,10,8
2024-10-09,7.9,467440,existing_CODiS_export,2024,10,9
2024-10-10,4.7,467440,existing_CODiS_export,2024,10,10
2024-10-11,3.2,467440,existing_CODiS_export,2024,10,11
2024-10-12,8.1,467440,existing_CODiS_export,2024,10,12
2024-10-13,6.3,467440,existing_CODiS_export,2024,10,13
2024-10-14,5.6,467440,existing_CODiS_export,2024,10,14
2024-10-15,3.5,467440,existing_CODiS_export,2024,10,15
2024-10-16,7.0,467440,existing_CODiS_export,2024,10,16
2024-10-17,4.0,467440,existing_CODiS_export,2024,10,17
2024-10-18,9.2,467440,existing_CODiS_export,2024,10,18
2024-10-19,6.8,467440,existing_CODiS_export,2024,10,19
2024-10-20,5.8,467440,existing_CODiS_export,2024,10,20
2024-10-21,7.7,467440,existing_CODiS_export,2024,10,21
2024-10-22,3.2,467440,existing_CODiS_export,2024,10,22
2024-10-23,6.3,467440,existing_CODiS_export,2024,10,23
2024-10-24,2.4,467440,existing_CODiS_export,2024,10,24
2024-10-25,3.4,467440,existing_CODiS_export,2024,10,25
2024-10-26,4.2,467440,existing_CODiS_export,2024,10,26
2024-10-27,0.6,467440,existing_CODiS_export,2024,10,27
2024-10-28,2.2,467440,existing_CODiS_export,2024,10,28
2024-10-29,4.2,467440,existing_CODiS_export,2024,10,29
2024-10-30,7.4,467440,existing_CODiS_export,2024,10,30
2024-10-31,0.0,467440,existing_CODiS_export,2024,10,31
2024-11-01,1.5,467440,existing_CODiS_export,2024,11,1
2024-11-02,10.0,467440,existing_CODiS_export,2024,11,2
2024-11-03,9.1,467440,existing_CODiS_export,2024,11,3
2024-11-04,7.8,467440,existing_CODiS_export,2024,11,4
2024-11-05,4.2,467440,existing_CODiS_export,2024,11,5
2024-11-06,9.1,467440,existing_CODiS_export,2024,11,6
2024-11-07,8.4,467440,existing_CODiS_export,2024,11,7
2024-11-08,3.2,467440,existing_CODiS_export,2024,11,8
2024-11-09,7.8,467440,existing_CODiS_export,2024,11,9
2024-11-10,8.5,467440,existing_CODiS_export,2024,11,10
2024-11-11,6.2,467440,existing_CODiS_export,2024,11,11
2024-11-12,0.0,467440,existing_CODiS_export,2024,11,12
2024-11-13,6.2,467440,existing_CODiS_export,2024,11,13
2024-11-14,3.5,467440,existing_CODiS_export,2024,11,14
2024-11-15,0.0,467440,existing_CODiS_export,2024,11,15
2024-11-16,0.0,467440,existing_CODiS_export,2024,11,16
2024-11-17,8.0,467440,existing_CODiS_export,2024,11,17
2024-11-18,0.0,467440,existing_CODiS_export,2024,11,18
2024-11-19,0.1,467440,existing_CODiS_export,2024,11,19
2024-11-20,3.1,467440,existing_CODiS_export,2024,11,20
2024-11-21,6.2,467440,existing_CODiS_export,2024,11,21
2024-11-22,4.7,467440,existing_CODiS_export,2024,11,22
2024-11-23,3.6,467440,existing_CODiS_export,2024,11,23
2024-11-24,8.0,467440,existing_CODiS_export,2024,11,24
2024-11-25,6.5,467440,existing_CODiS_export,2024,11,25
2024-11-26,9.2,467440,existing_CODiS_export,2024,11,26
2024-11-27,8.8,467440,existing_CODiS_export,2024,11,27
2024-11-28,9.7,467440,existing_CODiS_export,2024,11,28
2024-11-29,9.9,467440,existing_CODiS_export,2024,11,29
2024-11-30,10.0,467440,existing_CODiS_export,2024,11,30
2024-12-01,10.1,467440,existing_CODiS_export,2024,12,1
2024-12-02,9.8,467440,existing_CODiS_export,2024,12,2
2024-12-03,9.7,467440,existing_CODiS_export,2024,12,3
2024-12-04,5.8,467440,existing_CODiS_export,2024,12,4
2024-12-05,9.7,467440,existing_CODiS_export,2024,12,5
2024-12-06,9.5,467440,existing_CODiS_export,2024,12,6
2024-12-07,7.8,467440,existing_CODiS_export,2024,12,7
2024-12-08,5.7,467440,existing_CODiS_export,2024,12,8
2024-12-09,9.0,467440,existing_CODiS_export,2024,12,9
2024-12-10,7.3,467440,existing_CODiS_export,2024,12,10
2024-12-11,8.6,467440,existing_CODiS_export,2024,12,11
2024-12-12,6.9,467440,existing_CODiS_export,2024,12,12
2024-12-13,0.0,467440,existing_CODiS_export,2024,12,13
2024-12-14,1.5,467440,existing_CODiS_export,2024,12,14
2024-12-15,2.8,467440,existing_CODiS_export,2024,12,15
2024-12-16,0.8,467440,existing_CODiS_export,2024,12,16
2024-12-17,10.0,467440,existing_CODiS_export,2024,12,17
2024-12-18,5.7,467440,existing_CODiS_export,2024,12,18
2024-12-19,2.5,467440,existing_CODiS_export,2024,12,19
2024-12-20,9.9,467440,existing_CODiS_export,2024,12,20
2024-12-21,3.9,467440,existing_CODiS_export,2024,12,21
2024-12-22,3.5,467440,existing_CODiS_export,2024,12,22
2024-12-23,0.0,467440,existing_CODiS_export,2024,12,23
2024-12-24,0.0,467440,existing_CODiS_export,2024,12,24
2024-12-25,3.4,467440,existing_CODiS_export,2024,12,25
2024-12-26,5.8,467440,existing_CODiS_export,2024,12,26
2024-12-27,0.0,467440,existing_CODiS_export,2024,12,27
2024-12-28,7.6,467440,existing_CODiS_export,2024,12,28
2024-12-29,9.2,467440,existing_CODiS_export,2024,12,29
2024-12-30,7.0,467440,existing_CODiS_export,2024,12,30
2024-12-31,0.4,467440,existing_CODiS_export,2024,12,31
2025-01-01,0.1,467441,CODiS_api,2025,1,1
2025-01-02,0.0,467441,CODiS_api,2025,1,2
2025-01-03,0.2,467441,CODiS_api,2025,1,3
2025-01-04,9.3,467441,CODiS_api,2025,1,4
2025-01-05,1.6,467441,CODiS_api,2025,1,5
2025-01-06,9.8,467441,CODiS_api,2025,1,6
2025-01-07,4.1,467441,CODiS_api,2025,1,7
2025-01-08,6.3,467441,CODiS_api,2025,1,8
2025-01-09,3.1,467441,CODiS_api,2025,1,9
2025-01-10,6.8,467441,CODiS_api,2025,1,10
2025-01-11,4.7,467441,CODiS_api,2025,1,11
2025-01-12,8.9,467441,CODiS_api,2025,1,12
2025-01-13,8.2,467441,CODiS_api,2025,1,13
2025-01-14,0.0,467441,CODiS_api,2025,1,14
2025-01-15,0.1,467441,CODiS_api,2025,1,15
2025-01-16,5.6,467441,CODiS_api,2025,1,16
2025-01-17,9.6,467441,CODiS_api,2025,1,17
2025-01-18,0.9,467441,CODiS_api,2025,1,18
2025-01-19,3.9,467441,CODiS_api,2025,1,19
2025-01-20,8.2,467441,CODiS_api,2025,1,20
2025-01-21,8.9,467441,CODiS_api,2025,1,21
2025-01-22,2.3,467441,CODiS_api,2025,1,22
2025-01-23,9.8,467441,CODiS_api,2025,1,23
2025-01-24,10.2,467441,CODiS_api,2025,1,24
2025-01-25,8.2,467441,CODiS_api,2025,1,25
2025-01-26,7.1,467441,CODiS_api,2025,1,26
2025-01-27,0.0,467441,CODiS_api,2025,1,27
2025-01-28,4.6,467441,CODiS_api,2025,1,28
2025-01-29,7.7,467441,CODiS_api,2025,1,29
2025-01-30,9.9,467441,CODiS_api,2025,1,30
2025-01-31,2.4,467441,CODiS_api,2025,1,31
2025-02-01,4.2,467441,CODiS_api,2025,2,1
2025-02-02,1.2,467441,CODiS_api,2025,2,2
2025-02-03,2.3,467441,CODiS_api,2025,2,3
2025-02-04,2.3,467441,CODiS_api,2025,2,4
2025-02-05,4.5,467441,CODiS_api,2025,2,5
2025-02-06,1.2,467441,CODiS_api,2025,2,6
2025-02-07,4.5,467441,CODiS_api,2025,2,7
2025-02-08,0.1,467441,CODiS_api,2025,2,8
2025-02-09,4.1,467441,CODiS_api,2025,2,9
2025-02-10,10.4,467441,CODiS_api,2025,2,10
2025-02-11,3.7,467441,CODiS_api,2025,2,11
2025-02-12,0.0,467441,CODiS_api,2025,2,12
2025-02-13,0.0,467441,CODiS_api,2025,2,13
2025-02-14,0.0,467441,CODiS_api,2025,2,14
2025-02-15,8.2,467441,CODiS_api,2025,2,15
2025-02-16,8.3,467441,CODiS_api,2025,2,16
2025-02-17,5.8,467441,CODiS_api,2025,2,17
2025-02-18,8.0,467441,CODiS_api,2025,2,18
2025-02-19,3.8,467441,CODiS_api,2025,2,19
2025-02-20,5.6,467441,CODiS_api,2025,2,20
2025-02-21,8.2,467441,CODiS_api,2025,2,21
2025-02-22,8.5,467441,CODiS_api,2025,2,22
2025-02-23,6.0,467441,CODiS_api,2025,2,23
2025-02-24,5.6,467441,CODiS_api,2025,2,24
2025-02-25,10.3,467441,CODiS_api,2025,2,25
2025-02-26,1.9,467441,CODiS_api,2025,2,26
2025-02-27,4.0,467441,CODiS_api,2025,2,27
2025-02-28,8.9,467441,CODiS_api,2025,2,28
2025-03-01,10.5,467441,CODiS_api,2025,3,1
2025-03-02,9.8,467441,CODiS_api,2025,3,2
2025-03-03,6.7,467441,CODiS_api,2025,3,3
2025-03-04,6.5,467441,CODiS_api,2025,3,4
2025-03-05,9.9,467441,CODiS_api,2025,3,5
2025-03-06,0.2,467441,CODiS_api,2025,3,6
2025-03-07,3.1,467441,CODiS_api,2025,3,7
2025-03-08,9.6,467441,CODiS_api,2025,3,8
2025-03-09,10.7,467441,CODiS_api,2025,3,9
2025-03-10,9.8,467441,CODiS_api,2025,3,10
2025-03-11,9.0,467441,CODiS_api,2025,3,11
2025-03-12,7.4,467441,CODiS_api,2025,3,12
2025-03-13,4.8,467441,CODiS_api,2025,3,13
2025-03-14,2.4,467441,CODiS_api,2025,3,14
2025-03-15,6.5,467441,CODiS_api,2025,3,15
2025-03-16,2.5,467441,CODiS_api,2025,3,16
2025-03-17,0.1,467441,CODiS_api,2025,3,17
2025-03-18,0.0,467441,CODiS_api,2025,3,18
2025-03-19,0.2,467441,CODiS_api,2025,3,19
2025-03-20,3.4,467441,CODiS_api,2025,3,20
2025-03-21,7.7,467441,CODiS_api,2025,3,21
2025-03-22,11.1,467441,CODiS_api,2025,3,22
2025-03-23,11.2,467441,CODiS_api,2025,3,23
2025-03-24,11.3,467441,CODiS_api,2025,3,24
2025-03-25,11.4,467441,CODiS_api,2025,3,25
2025-03-26,11.1,467441,CODiS_api,2025,3,26
2025-03-27,11.4,467441,CODiS_api,2025,3,27
2025-03-28,9.1,467441,CODiS_api,2025,3,28
2025-03-29,6.7,467441,CODiS_api,2025,3,29
2025-03-30,2.8,467441,CODiS_api,2025,3,30
2025-03-31,1.5,467441,CODiS_api,2025,3,31
2025-04-01,2.5,467441,CODiS_api,2025,4,1
2025-04-02,2.3,467441,CODiS_api,2025,4,2
2025-04-03,0.8,467441,CODiS_api,2025,4,3
2025-04-04,7.5,467441,CODiS_api,2025,4,4
2025-04-05,1.8,467441,CODiS_api,2025,4,5
2025-04-06,3.8,467441,CODiS_api,2025,4,6
2025-04-07,6.6,467441,CODiS_api,2025,4,7
2025-04-08,9.3,467441,CODiS_api,2025,4,8
2025-04-09,6.0,467441,CODiS_api,2025,4,9
2025-04-10,4.0,467441,CODiS_api,2025,4,10
2025-04-11,9.7,467441,CODiS_api,2025,4,11
2025-04-12,1.9,467441,CODiS_api,2025,4,12
2025-04-13,0.0,467441,CODiS_api,2025,4,13
2025-04-14,9.0,467441,CODiS_api,2025,4,14
2025-04-15,11.3,467441,CODiS_api,2025,4,15
2025-04-16,11.0,467441,CODiS_api,2025,4,16
2025-04-17,8.6,467441,CODiS_api,2025,4,17
2025-04-18,7.8,467441,CODiS_api,2025,4,18
2025-04-19,5.2,467441,CODiS_api,2025,4,19
2025-04-20,9.3,467441,CODiS_api,2025,4,20
2025-04-21,8.0,467441,CODiS_api,2025,4,21
2025-04-22,12.1,467441,CODiS_api,2025,4,22
2025-04-23,6.7,467441,CODiS_api,2025,4,23
2025-04-24,8.4,467441,CODiS_api,2025,4,24
2025-04-25,10.5,467441,CODiS_api,2025,4,25
2025-04-26,3.5,467441,CODiS_api,2025,4,26
2025-04-27,11.7,467441,CODiS_api,2025,4,27
2025-04-28,3.0,467441,CODiS_api,2025,4,28
2025-04-29,11.6,467441,CODiS_api,2025,4,29
2025-04-30,9.9,467441,CODiS_api,2025,4,30
2025-05-01,11.0,467441,CODiS_api,2025,5,1
2025-05-02,10.6,467441,CODiS_api,2025,5,2
2025-05-03,6.5,467441,CODiS_api,2025,5,3
2025-05-04,7.7,467441,CODiS_api,2025,5,4
2025-05-05,10.3,467441,CODiS_api,2025,5,5
2025-05-06,8.1,467441,CODiS_api,2025,5,6
2025-05-07,6.6,467441,CODiS_api,2025,5,7
2025-05-08,11.5,467441,CODiS_api,2025,5,8
2025-05-09,6.1,467441,CODiS_api,2025,5,9
2025-05-10,2.3,467441,CODiS_api,2025,5,10
2025-05-11,0.0,467441,CODiS_api,2025,5,11
2025-05-12,0.0,467441,CODiS_api,2025,5,12
2025-05-13,11.6,467441,CODiS_api,2025,5,13
2025-05-14,12.2,467441,CODiS_api,2025,5,14
2025-05-15,11.1,467441,CODiS_api,2025,5,15
2025-05-16,11.4,467441,CODiS_api,2025,5,16
2025-05-17,12.1,467441,CODiS_api,2025,5,17
2025-05-18,11.9,467441,CODiS_api,2025,5,18
2025-05-19,9.2,467441,CODiS_api,2025,5,19
2025-05-20,10.6,467441,CODiS_api,2025,5,20
2025-05-21,11.2,467441,CODiS_api,2025,5,21
2025-05-22,11.2,467441,CODiS_api,2025,5,22
2025-05-23,10.6,467441,CODiS_api,2025,5,23
2025-05-24,8.6,467441,CODiS_api,2025,5,24
2025-05-25,9.9,467441,CODiS_api,2025,5,25
2025-05-26,3.3,467441,CODiS_api,2025,5,26
2025-05-27,8.1,467441,CODiS_api,2025,5,27
2025-05-28,3.3,467441,CODiS_api,2025,5,28
2025-05-29,2.2,467441,CODiS_api,2025,5,29
2025-05-30,5.3,467441,CODiS_api,2025,5,30
2025-05-31,6.0,467441,CODiS_api,2025,5,31
2025-06-01,7.7,467441,CODiS_api,2025,6,1
2025-06-02,0.3,467441,CODiS_api,2025,6,2
2025-06-03,0.5,467441,CODiS_api,2025,6,3
2025-06-04,0.7,467441,CODiS_api,2025,6,4
2025-06-05,2.7,467441,CODiS_api,2025,6,5
2025-06-06,5.6,467441,CODiS_api,2025,6,6
2025-06-07,8.6,467441,CODiS_api,2025,6,7
2025-06-08,12.3,467441,CODiS_api,2025,6,8
2025-06-09,9.3,467441,CODiS_api,2025,6,9
2025-06-10,9.4,467441,CODiS_api,2025,6,10
2025-06-11,7.0,467441,CODiS_api,2025,6,11
2025-06-12,0.0,467441,CODiS_api,2025,6,12
2025-06-13,0.0,467441,CODiS_api,2025,6,13
2025-06-14,9.0,467441,CODiS_api,2025,6,14
2025-06-15,9.5,467441,CODiS_api,2025,6,15
2025-06-16,2.3,467441,CODiS_api,2025,6,16
2025-06-17,10.5,467441,CODiS_api,2025,6,17
2025-06-18,4.5,467441,CODiS_api,2025,6,18
2025-06-19,7.3,467441,CODiS_api,2025,6,19
2025-06-20,10.3,467441,CODiS_api,2025,6,20
2025-06-21,11.7,467441,CODiS_api,2025,6,21
2025-06-22,10.1,467441,CODiS_api,2025,6,22
2025-06-23,11.9,467441,CODiS_api,2025,6,23
2025-06-24,10.1,467441,CODiS_api,2025,6,24
2025-06-25,8.7,467441,CODiS_api,2025,6,25
2025-06-26,6.9,467441,CODiS_api,2025,6,26
2025-06-27,8.5,467441,CODiS_api,2025,6,27
2025-06-28,11.6,467441,CODiS_api,2025,6,28
2025-06-29,7.3,467441,CODiS_api,2025,6,29
2025-06-30,11.5,467441,CODiS_api,2025,6,30
2025-07-01,10.5,467441,CODiS_api,2025,7,1
2025-07-02,8.0,467441,CODiS_api,2025,7,2
2025-07-03,8.8,467441,CODiS_api,2025,7,3
2025-07-04,5.8,467441,CODiS_api,2025,7,4
2025-07-05,3.0,467441,CODiS_api,2025,7,5
2025-07-06,0.0,467441,CODiS_api,2025,7,6
2025-07-07,0.2,467441,CODiS_api,2025,7,7
2025-07-08,1.6,467441,CODiS_api,2025,7,8
2025-07-09,0.0,467441,CODiS_api,2025,7,9
2025-07-10,0.0,467441,CODiS_api,2025,7,10
2025-07-11,2.6,467441,CODiS_api,2025,7,11
2025-07-12,8.0,467441,CODiS_api,2025,7,12
2025-07-13,11.1,467441,CODiS_api,2025,7,13
2025-07-14,6.1,467441,CODiS_api,2025,7,14
2025-07-15,2.7,467441,CODiS_api,2025,7,15
2025-07-16,4.1,467441,CODiS_api,2025,7,16
2025-07-17,8.6,467441,CODiS_api,2025,7,17
2025-07-18,7.0,467441,CODiS_api,2025,7,18
2025-07-19,0.0,467441,CODiS_api,2025,7,19
2025-07-20,0.3,467441,CODiS_api,2025,7,20
2025-07-21,0.2,467441,CODiS_api,2025,7,21
2025-07-22,0.6,467441,CODiS_api,2025,7,22
2025-07-23,10.5,467441,CODiS_api,2025,7,23
2025-07-24,8.0,467441,CODiS_api,2025,7,24
2025-07-25,5.0,467441,CODiS_api,2025,7,25
2025-07-26,0.2,467441,CODiS_api,2025,7,26
2025-07-27,7.7,467441,CODiS_api,2025,7,27
2025-07-28,0.0,467441,CODiS_api,2025,7,28
2025-07-29,0.0,467441,CODiS_api,2025,7,29
2025-07-30,0.6,467441,CODiS_api,2025,7,30
2025-07-31,0.1,467441,CODiS_api,2025,7,31
2025-08-01,0.0,467441,CODiS_api,2025,8,1
2025-08-02,0.0,467441,CODiS_api,2025,8,2
2025-08-03,0.0,467441,CODiS_api,2025,8,3
2025-08-04,0.0,467441,CODiS_api,2025,8,4
2025-08-05,3.4,467441,CODiS_api,2025,8,5
2025-08-06,11.3,467441,CODiS_api,2025,8,6
2025-08-07,11.3,467441,CODiS_api,2025,8,7
2025-08-08,8.9,467441,CODiS_api,2025,8,8
2025-08-09,8.1,467441,CODiS_api,2025,8,9
2025-08-10,9.6,467441,CODiS_api,2025,8,10
2025-08-11,8.3,467441,CODiS_api,2025,8,11
2025-08-12,6.5,467441,CODiS_api,2025,8,12
2025-08-13,0.0,467441,CODiS_api,2025,8,13
2025-08-14,7.5,467441,CODiS_api,2025,8,14
2025-08-15,10.4,467441,CODiS_api,2025,8,15
2025-08-16,6.9,467441,CODiS_api,2025,8,16
2025-08-17,6.4,467441,CODiS_api,2025,8,17
2025-08-18,9.1,467441,CODiS_api,2025,8,18
2025-08-19,8.5,467441,CODiS_api,2025,8,19
2025-08-20,4.4,467441,CODiS_api,2025,8,20
2025-08-21,12.1,467441,CODiS_api,2025,8,21
2025-08-22,11.3,467441,CODiS_api,2025,8,22
2025-08-23,9.9,467441,CODiS_api,2025,8,23
2025-08-24,8.6,467441,CODiS_api,2025,8,24
2025-08-25,8.7,467441,CODiS_api,2025,8,25
2025-08-26,6.3,467441,CODiS_api,2025,8,26
2025-08-27,0.1,467441,CODiS_api,2025,8,27
2025-08-28,5.4,467441,CODiS_api,2025,8,28
2025-08-29,10.2,467441,CODiS_api,2025,8,29
2025-08-30,8.9,467441,CODiS_api,2025,8,30
2025-08-31,3.1,467441,CODiS_api,2025,8,31
2025-09-01,7.2,467441,CODiS_api,2025,9,1
2025-09-02,2.7,467441,CODiS_api,2025,9,2
2025-09-03,10.7,467441,CODiS_api,2025,9,3
2025-09-04,8.2,467441,CODiS_api,2025,9,4
2025-09-05,7.9,467441,CODiS_api,2025,9,5
2025-09-06,5.1,467441,CODiS_api,2025,9,6
2025-09-07,8.4,467441,CODiS_api,2025,9,7
2025-09-08,7.7,467441,CODiS_api,2025,9,8
2025-09-09,9.8,467441,CODiS_api,2025,9,9
2025-09-10,7.9,467441,CODiS_api,2025,9,10
2025-09-11,10.6,467441,CODiS_api,2025,9,11
2025-09-12,9.3,467441,CODiS_api,2025,9,12
2025-09-13,7.9,467441,CODiS_api,2025,9,13
2025-09-14,10.1,467441,CODiS_api,2025,9,14
2025-09-15,10.3,467441,CODiS_api,2025,9,15
2025-09-16,1.0,467441,CODiS_api,2025,9,16
2025-09-17,1.3,467441,CODiS_api,2025,9,17
2025-09-18,0.0,467441,CODiS_api,2025,9,18
2025-09-19,4.8,467441,CODiS_api,2025,9,19
2025-09-20,6.8,467441,CODiS_api,2025,9,20
2025-09-21,7.3,467441,CODiS_api,2025,9,21
2025-09-22,1.2,467441,CODiS_api,2025,9,22
2025-09-23,0.0,467441,CODiS_api,2025,9,23
2025-09-24,1.0,467441,CODiS_api,2025,9,24
2025-09-25,10.8,467441,CODiS_api,2025,9,25
2025-09-26,4.1,467441,CODiS_api,2025,9,26
2025-09-27,7.1,467441,CODiS_api,2025,9,27
2025-09-28,6.3,467441,CODiS_api,2025,9,28
2025-09-29,9.6,467441,CODiS_api,2025,9,29
2025-09-30,6.9,467441,CODiS_api,2025,9,30
2025-10-01,6.5,467441,CODiS_api,2025,10,1
2025-10-02,9.8,467441,CODiS_api,2025,10,2
2025-10-03,7.6,467441,CODiS_api,2025,10,3
2025-10-04,9.4,467441,CODiS_api,2025,10,4
2025-10-05,9.5,467441,CODiS_api,2025,10,5
2025-10-06,7.5,467441,CODiS_api,2025,10,6
2025-10-07,7.0,467441,CODiS_api,2025,10,7
2025-10-08,9.6,467441,CODiS_api,2025,10,8
2025-10-09,9.6,467441,CODiS_api,2025,10,9
2025-10-10,9.4,467441,CODiS_api,2025,10,10
2025-10-11,9.3,467441,CODiS_api,2025,10,11
2025-10-12,9.9,467441,CODiS_api,2025,10,12
2025-10-13,10.8,467441,CODiS_api,2025,10,13
2025-10-14,9.4,467441,CODiS_api,2025,10,14
2025-10-15,8.2,467441,CODiS_api,2025,10,15
2025-10-16,10.4,467441,CODiS_api,2025,10,16
2025-10-17,9.4,467441,CODiS_api,2025,10,17
2025-10-18,10.5,467441,CODiS_api,2025,10,18
2025-10-19,0.0,467441,CODiS_api,2025,10,19
2025-10-20,0.5,467441,CODiS_api,2025,10,20
2025-10-21,3.9,467441,CODiS_api,2025,10,21
2025-10-22,2.9,467441,CODiS_api,2025,10,22
2025-10-23,2.6,467441,CODiS_api,2025,10,23
2025-10-24,2.1,467441,CODiS_api,2025,10,24
2025-10-25,7.6,467441,CODiS_api,2025,10,25
2025-10-26,6.4,467441,CODiS_api,2025,10,26
2025-10-27,5.8,467441,CODiS_api,2025,10,27
2025-10-28,1.5,467441,CODiS_api,2025,10,28
2025-10-29,6.9,467441,CODiS_api,2025,10,29
2025-10-30,8.2,467441,CODiS_api,2025,10,30
2025-10-31,7.6,467441,CODiS_api,2025,10,31
2025-11-01,9.8,467441,CODiS_api,2025,11,1
2025-11-02,7.0,467441,CODiS_api,2025,11,2
2025-11-03,6.8,467441,CODiS_api,2025,11,3
2025-11-04,8.6,467441,CODiS_api,2025,11,4
2025-11-05,10.2,467441,CODiS_api,2025,11,5
2025-11-06,10.1,467441,CODiS_api,2025,11,6
2025-11-07,6.4,467441,CODiS_api,2025,11,7
2025-11-08,4.5,467441,CODiS_api,2025,11,8
2025-11-09,5.0,467441,CODiS_api,2025,11,9
2025-11-10,0.0,467441,CODiS_api,2025,11,10
2025-11-11,0.8,467441,CODiS_api,2025,11,11
2025-11-12,0.5,467441,CODiS_api,2025,11,12
2025-11-13,1.0,467441,CODiS_api,2025,11,13
2025-11-14,7.4,467441,CODiS_api,2025,11,14
2025-11-15,10.1,467441,CODiS_api,2025,11,15
2025-11-16,9.8,467441,CODiS_api,2025,11,16
2025-11-17,9.2,467441,CODiS_api,2025,11,17
2025-11-18,4.8,467441,CODiS_api,2025,11,18
2025-11-19,3.4,467441,CODiS_api,2025,11,19
2025-11-20,1.0,467441,CODiS_api,2025,11,20
2025-11-21,5.2,467441,CODiS_api,2025,11,21
2025-11-22,10.0,467441,CODiS_api,2025,11,22
2025-11-23,10.1,467441,CODiS_api,2025,11,23
2025-11-24,9.4,467441,CODiS_api,2025,11,24
2025-11-25,7.5,467441,CODiS_api,2025,11,25
2025-11-26,4.1,467441,CODiS_api,2025,11,26
2025-11-27,0.0,467441,CODiS_api,2025,11,27
2025-11-28,0.0,467441,CODiS_api,2025,11,28
2025-11-29,2.4,467441,CODiS_api,2025,11,29
2025-11-30,1.2,467441,CODiS_api,2025,11,30
2025-12-01,9.8,467441,CODiS_api,2025,12,1
2025-12-02,9.5,467441,CODiS_api,2025,12,2
2025-12-03,2.9,467441,CODiS_api,2025,12,3
2025-12-04,4.1,467441,CODiS_api,2025,12,4
2025-12-05,9.6,467441,CODiS_api,2025,12,5
2025-12-06,7.3,467441,CODiS_api,2025,12,6
2025-12-07,9.8,467441,CODiS_api,2025,12,7
2025-12-08,8.6,467441,CODiS_api,2025,12,8
2025-12-09,7.8,467441,CODiS_api,2025,12,9
2025-12-10,7.6,467441,CODiS_api,2025,12,10
2025-12-11,9.8,467441,CODiS_api,2025,12,11
2025-12-12,8.8,467441,CODiS_api,2025,12,12
2025-12-13,9.4,467441,CODiS_api,2025,12,13
2025-12-14,5.5,467441,CODiS_api,2025,12,14
2025-12-15,9.1,467441,CODiS_api,2025,12,15
2025-12-16,8.1,467441,CODiS_api,2025,12,16
2025-12-17,9.8,467441,CODiS_api,2025,12,17
2025-12-18,7.3,467441,CODiS_api,2025,12,18
2025-12-19,0.4,467441,CODiS_api,2025,12,19
2025-12-20,0.0,467441,CODiS_api,2025,12,20
2025-12-21,6.3,467441,CODiS_api,2025,12,21
2025-12-22,4.6,467441,CODiS_api,2025,12,22
2025-12-23,9.2,467441,CODiS_api,2025,12,23
2025-12-24,4.8,467441,CODiS_api,2025,12,24
2025-12-25,3.7,467441,CODiS_api,2025,12,25
2025-12-26,0.4,467441,CODiS_api,2025,12,26
2025-12-27,0.8,467441,CODiS_api,2025,12,27
2025-12-28,3.4,467441,CODiS_api,2025,12,28
2025-12-29,3.4,467441,CODiS_api,2025,12,29
2025-12-30,9.2,467441,CODiS_api,2025,12,30
2025-12-31,9.3,467441,CODiS_api,2025,12,31
